{
"meta":{"test_sets":[],"test_metrics":[],"learn_metrics":[{"best_value":"Min","name":"RMSE"}],"launch_mode":"Train","parameters":"","iteration_count":500,"learn_sets":["learn"],"name":"experiment"},
"iterations":[
{"learn":[94.01340983],"iteration":0,"passed_time":0.001844153505,"remaining_time":0.9202325992},
{"learn":[91.6473152],"iteration":1,"passed_time":0.003686578176,"remaining_time":0.9179579659},
{"learn":[88.61848484],"iteration":2,"passed_time":0.00552319778,"remaining_time":0.9150097655},
{"learn":[86.26175498],"iteration":3,"passed_time":0.007424422494,"remaining_time":0.9206283893},
{"learn":[83.76815537],"iteration":4,"passed_time":0.009231536862,"remaining_time":0.9139221493},
{"learn":[81.67486811],"iteration":5,"passed_time":0.01087571996,"remaining_time":0.8954342767},
{"learn":[79.78156952],"iteration":6,"passed_time":0.01306667852,"remaining_time":0.9202675011},
{"learn":[77.46369527],"iteration":7,"passed_time":0.01493353243,"remaining_time":0.9184122445},
{"learn":[75.45880253],"iteration":8,"passed_time":0.0169292172,"remaining_time":0.9235828492},
{"learn":[73.94763184],"iteration":9,"passed_time":0.01884707747,"remaining_time":0.9235067962},
{"learn":[71.72345785],"iteration":10,"passed_time":0.02075246895,"remaining_time":0.9225415742},
{"learn":[69.03154016],"iteration":11,"passed_time":0.02292915933,"remaining_time":0.9324524792},
{"learn":[67.01657448],"iteration":12,"passed_time":0.02506318655,"remaining_time":0.938905527},
{"learn":[64.65377601],"iteration":13,"passed_time":0.02757694086,"remaining_time":0.9573138042},
{"learn":[62.92513997],"iteration":14,"passed_time":0.02993172992,"remaining_time":0.9677926008},
{"learn":[61.13986438],"iteration":15,"passed_time":0.03214124302,"remaining_time":0.9722726013},
{"learn":[59.61285582],"iteration":16,"passed_time":0.03500467993,"remaining_time":0.9945447298},
{"learn":[58.16532843],"iteration":17,"passed_time":0.03729747227,"remaining_time":0.9987434242},
{"learn":[57.00426022],"iteration":18,"passed_time":0.03955926035,"remaining_time":1.001473907},
{"learn":[55.46607077],"iteration":19,"passed_time":0.04190567713,"remaining_time":1.005736251},
{"learn":[54.18657778],"iteration":20,"passed_time":0.04426206513,"remaining_time":1.009596629},
{"learn":[53.05655204],"iteration":21,"passed_time":0.04646901011,"remaining_time":1.009644856},
{"learn":[51.60516057],"iteration":22,"passed_time":0.04856559884,"remaining_time":1.007208289},
{"learn":[50.32453051],"iteration":23,"passed_time":0.05081628665,"remaining_time":1.007856352},
{"learn":[49.04861423],"iteration":24,"passed_time":0.05236845792,"remaining_time":0.9950007005},
{"learn":[47.76997708],"iteration":25,"passed_time":0.05429486094,"remaining_time":0.9898370803},
{"learn":[46.66037195],"iteration":26,"passed_time":0.0563765923,"remaining_time":0.9876343762},
{"learn":[45.07556808],"iteration":27,"passed_time":0.05854916678,"remaining_time":0.9869716685},
{"learn":[44.14225952],"iteration":28,"passed_time":0.06057634448,"remaining_time":0.9838433879},
{"learn":[43.08101468],"iteration":29,"passed_time":0.06255354465,"remaining_time":0.9800055328},
{"learn":[42.04442754],"iteration":30,"passed_time":0.06450125986,"remaining_time":0.9758416411},
{"learn":[40.83268033],"iteration":31,"passed_time":0.06773875897,"remaining_time":0.9906793499},
{"learn":[39.80884891],"iteration":32,"passed_time":0.06996942409,"remaining_time":0.9901733652},
{"learn":[38.65136231],"iteration":33,"passed_time":0.072097586,"remaining_time":0.9881610317},
{"learn":[37.71946204],"iteration":34,"passed_time":0.07416296125,"remaining_time":0.9853079138},
{"learn":[36.65631773],"iteration":35,"passed_time":0.09087282451,"remaining_time":1.171249738},
{"learn":[35.8303618],"iteration":36,"passed_time":0.09303025155,"remaining_time":1.16413531},
{"learn":[34.93483077],"iteration":37,"passed_time":0.09505568074,"remaining_time":1.155676961},
{"learn":[34.17055147],"iteration":38,"passed_time":0.09734551529,"remaining_time":1.150673912},
{"learn":[33.30978223],"iteration":39,"passed_time":0.09944274318,"remaining_time":1.143591547},
{"learn":[32.45623976],"iteration":40,"passed_time":0.1017583561,"remaining_time":1.139197206},
{"learn":[31.61312711],"iteration":41,"passed_time":0.1036800035,"remaining_time":1.130605752},
{"learn":[31.11504119],"iteration":42,"passed_time":0.1059892912,"remaining_time":1.126444328},
{"learn":[30.49584613],"iteration":43,"passed_time":0.1080428168,"remaining_time":1.119716465},
{"learn":[29.6037017],"iteration":44,"passed_time":0.1104557365,"remaining_time":1.116830225},
{"learn":[29.00645099],"iteration":45,"passed_time":0.1123503671,"remaining_time":1.108849276},
{"learn":[28.2386069],"iteration":46,"passed_time":0.1143970283,"remaining_time":1.102592634},
{"learn":[27.65763799],"iteration":47,"passed_time":0.1165687529,"remaining_time":1.09768909},
{"learn":[26.80084918],"iteration":48,"passed_time":0.1187331143,"remaining_time":1.092829277},
{"learn":[25.9526459],"iteration":49,"passed_time":0.1207464238,"remaining_time":1.086717814},
{"learn":[25.25528712],"iteration":50,"passed_time":0.123016335,"remaining_time":1.083026165},
{"learn":[24.79301342],"iteration":51,"passed_time":0.1250057748,"remaining_time":1.076972829},
{"learn":[24.28191424],"iteration":52,"passed_time":0.1269541297,"remaining_time":1.070726339},
{"learn":[23.60933883],"iteration":53,"passed_time":0.1288895554,"remaining_time":1.064532254},
{"learn":[23.07890506],"iteration":54,"passed_time":0.1310359918,"remaining_time":1.060200297},
{"learn":[22.47969502],"iteration":55,"passed_time":0.132903665,"remaining_time":1.053736201},
{"learn":[21.9274385],"iteration":56,"passed_time":0.1349849068,"remaining_time":1.049093223},
{"learn":[21.48069738],"iteration":57,"passed_time":0.135903856,"remaining_time":1.03568111},
{"learn":[21.1888697],"iteration":58,"passed_time":0.1379039864,"remaining_time":1.030773865},
{"learn":[20.74870745],"iteration":59,"passed_time":0.1399262586,"remaining_time":1.026125896},
{"learn":[20.44419834],"iteration":60,"passed_time":0.1419617492,"remaining_time":1.021659146},
{"learn":[20.02076763],"iteration":61,"passed_time":0.1437968201,"remaining_time":1.015854955},
{"learn":[19.58595678],"iteration":62,"passed_time":0.1457786264,"remaining_time":1.011194599},
{"learn":[19.10739505],"iteration":63,"passed_time":0.1476498566,"remaining_time":1.005864648},
{"learn":[18.56878239],"iteration":64,"passed_time":0.1495837233,"remaining_time":1.001060302},
{"learn":[18.14367168],"iteration":65,"passed_time":0.1514690463,"remaining_time":0.996023729},
{"learn":[17.79322485],"iteration":66,"passed_time":0.1544084642,"remaining_time":0.9978935072},
{"learn":[17.42931199],"iteration":67,"passed_time":0.1563404028,"remaining_time":0.9932213824},
{"learn":[17.22560879],"iteration":68,"passed_time":0.1622255527,"remaining_time":1.013321931},
{"learn":[16.83684183],"iteration":69,"passed_time":0.1640548685,"remaining_time":1.007765621},
{"learn":[16.6501865],"iteration":70,"passed_time":0.1660009851,"remaining_time":1.003020037},
{"learn":[16.31408351],"iteration":71,"passed_time":0.1679564241,"remaining_time":0.998407632},
{"learn":[16.12667878],"iteration":72,"passed_time":0.1699642382,"remaining_time":0.9941743798},
{"learn":[15.79582785],"iteration":73,"passed_time":0.1718219896,"remaining_time":0.9891373995},
{"learn":[15.48685385],"iteration":74,"passed_time":0.1736602981,"remaining_time":0.9840750223},
{"learn":[15.24662009],"iteration":75,"passed_time":0.1756473698,"remaining_time":0.9799274317},
{"learn":[14.99009932],"iteration":76,"passed_time":0.1781110067,"remaining_time":0.978453972},
{"learn":[14.67864528],"iteration":77,"passed_time":0.1969776479,"remaining_time":1.065699582},
{"learn":[14.37703666],"iteration":78,"passed_time":0.2033801728,"remaining_time":1.083836111},
{"learn":[14.12358921],"iteration":79,"passed_time":0.207939679,"remaining_time":1.091683315},
{"learn":[13.85803323],"iteration":80,"passed_time":0.2135006099,"remaining_time":1.10440439},
{"learn":[13.65318519],"iteration":81,"passed_time":0.2188220185,"remaining_time":1.115458582},
{"learn":[13.36132781],"iteration":82,"passed_time":0.2216209608,"remaining_time":1.113445068},
{"learn":[13.07423878],"iteration":83,"passed_time":0.2241041908,"remaining_time":1.109849326},
{"learn":[12.89085959],"iteration":84,"passed_time":0.2265128747,"remaining_time":1.1059158},
{"learn":[12.6693816],"iteration":85,"passed_time":0.2288449234,"remaining_time":1.101648817},
{"learn":[12.46597262],"iteration":86,"passed_time":0.2316597915,"remaining_time":1.099718321},
{"learn":[12.2502825],"iteration":87,"passed_time":0.2342961147,"remaining_time":1.09693181},
{"learn":[12.00174502],"iteration":88,"passed_time":0.2376839864,"remaining_time":1.097619308},
{"learn":[11.81491116],"iteration":89,"passed_time":0.2400766306,"remaining_time":1.093682428},
{"learn":[11.60761018],"iteration":90,"passed_time":0.242676215,"remaining_time":1.090709582},
{"learn":[11.48255202],"iteration":91,"passed_time":0.2459265405,"remaining_time":1.090630745},
{"learn":[11.18510962],"iteration":92,"passed_time":0.2480192755,"remaining_time":1.08541769},
{"learn":[11.01079636],"iteration":93,"passed_time":0.2499153746,"remaining_time":1.079421724},
{"learn":[10.81191503],"iteration":94,"passed_time":0.2516962085,"remaining_time":1.073020678},
{"learn":[10.58284968],"iteration":95,"passed_time":0.2536188051,"remaining_time":1.067312471},
{"learn":[10.48213018],"iteration":96,"passed_time":0.2559652915,"remaining_time":1.063443428},
{"learn":[10.31646884],"iteration":97,"passed_time":0.2583098296,"remaining_time":1.059597464},
{"learn":[10.15419582],"iteration":98,"passed_time":0.260591911,"remaining_time":1.055528852},
{"learn":[10.06576551],"iteration":99,"passed_time":0.2624987909,"remaining_time":1.049995164},
{"learn":[9.918683615],"iteration":100,"passed_time":0.2644060006,"remaining_time":1.044534596},
{"learn":[9.773283064],"iteration":101,"passed_time":0.2688472772,"remaining_time":1.049031533},
{"learn":[9.655703241],"iteration":102,"passed_time":0.2729152511,"remaining_time":1.051916065},
{"learn":[9.570875569],"iteration":103,"passed_time":0.276547615,"remaining_time":1.053008226},
{"learn":[9.410555121],"iteration":104,"passed_time":0.2786555641,"remaining_time":1.048275694},
{"learn":[9.266465004],"iteration":105,"passed_time":0.281226914,"remaining_time":1.045315133},
{"learn":[9.120866919],"iteration":106,"passed_time":0.283390481,"remaining_time":1.040864103},
{"learn":[8.961651387],"iteration":107,"passed_time":0.2854051094,"remaining_time":1.035914841},
{"learn":[8.803074391],"iteration":108,"passed_time":0.2872809357,"remaining_time":1.030521521},
{"learn":[8.691054001],"iteration":109,"passed_time":0.28910025,"remaining_time":1.024991795},
{"learn":[8.603784205],"iteration":110,"passed_time":0.2975223548,"remaining_time":1.042668433},
{"learn":[8.504463879],"iteration":111,"passed_time":0.3017933462,"remaining_time":1.045498378},
{"learn":[8.421102028],"iteration":112,"passed_time":0.3062993675,"remaining_time":1.049007569},
{"learn":[8.232123842],"iteration":113,"passed_time":0.3140113954,"remaining_time":1.063231567},
{"learn":[8.087356525],"iteration":114,"passed_time":0.3169207088,"remaining_time":1.060995416},
{"learn":[7.973727503],"iteration":115,"passed_time":0.31913237,"remaining_time":1.056438191},
{"learn":[7.855219227],"iteration":116,"passed_time":0.3209969904,"remaining_time":1.05078502},
{"learn":[7.786367162],"iteration":117,"passed_time":0.3231543929,"remaining_time":1.046143882},
{"learn":[7.679710472],"iteration":118,"passed_time":0.3250771294,"remaining_time":1.040793162},
{"learn":[7.599040563],"iteration":119,"passed_time":0.3269065451,"remaining_time":1.035204059},
{"learn":[7.504211521],"iteration":120,"passed_time":0.3290027687,"remaining_time":1.030512804},
{"learn":[7.417405265],"iteration":121,"passed_time":0.3309944765,"remaining_time":1.025540263},
{"learn":[7.321419505],"iteration":122,"passed_time":0.3328106835,"remaining_time":1.020078274},
{"learn":[7.236486273],"iteration":123,"passed_time":0.3346540728,"remaining_time":1.014757511},
{"learn":[7.09455274],"iteration":124,"passed_time":0.336318059,"remaining_time":1.008954177},
{"learn":[7.018999552],"iteration":125,"passed_time":0.338106869,"remaining_time":1.003587055},
{"learn":[6.925314572],"iteration":126,"passed_time":0.3403977526,"remaining_time":0.9997508797},
{"learn":[6.827724807],"iteration":127,"passed_time":0.3423784298,"remaining_time":0.9950373117},
{"learn":[6.744406881],"iteration":128,"passed_time":0.3443887222,"remaining_time":0.9904512863},
{"learn":[6.699797627],"iteration":129,"passed_time":0.3468027312,"remaining_time":0.9870539274},
{"learn":[6.594519382],"iteration":130,"passed_time":0.3499608481,"remaining_time":0.9857675797},
{"learn":[6.549304334],"iteration":131,"passed_time":0.3537255093,"remaining_time":0.9861438442},
{"learn":[6.458951721],"iteration":132,"passed_time":0.3584789208,"remaining_time":0.989186195},
{"learn":[6.410126154],"iteration":133,"passed_time":0.3611197572,"remaining_time":0.9863420233},
{"learn":[6.35900644],"iteration":134,"passed_time":0.36332923,"remaining_time":0.9823345848},
{"learn":[6.290239438],"iteration":135,"passed_time":0.3655691669,"remaining_time":0.9784351232},
{"learn":[6.23524883],"iteration":136,"passed_time":0.3675819899,"remaining_time":0.9739581191},
{"learn":[6.175133129],"iteration":137,"passed_time":0.3699882025,"remaining_time":0.9705487631},
{"learn":[6.08583113],"iteration":138,"passed_time":0.3720796786,"remaining_time":0.9663364315},
{"learn":[6.055067062],"iteration":139,"passed_time":0.3742307411,"remaining_time":0.9623076199},
{"learn":[6.003709718],"iteration":140,"passed_time":0.3764012639,"remaining_time":0.9583549912},
{"learn":[5.945175652],"iteration":141,"passed_time":0.3788445911,"remaining_time":0.9551152368},
{"learn":[5.885216496],"iteration":142,"passed_time":0.3810804116,"remaining_time":0.9513685799},
{"learn":[5.818068821],"iteration":143,"passed_time":0.383391845,"remaining_time":0.9478298391},
{"learn":[5.752877596],"iteration":144,"passed_time":0.3854203116,"remaining_time":0.9436152457},
{"learn":[5.696392726],"iteration":145,"passed_time":0.3874649345,"remaining_time":0.9394697727},
{"learn":[5.665322688],"iteration":146,"passed_time":0.389439427,"remaining_time":0.9351844743},
{"learn":[5.603583118],"iteration":147,"passed_time":0.3913305902,"remaining_time":0.9307322146},
{"learn":[5.573737048],"iteration":148,"passed_time":0.3936864684,"remaining_time":0.9274090631},
{"learn":[5.507168986],"iteration":149,"passed_time":0.395620815,"remaining_time":0.9231152349},
{"learn":[5.474585891],"iteration":150,"passed_time":0.3977010679,"remaining_time":0.9191898854},
{"learn":[5.41953923],"iteration":151,"passed_time":0.3995343203,"remaining_time":0.9147233124},
{"learn":[5.368420286],"iteration":152,"passed_time":0.4015477694,"remaining_time":0.910699843},
{"learn":[5.313098974],"iteration":153,"passed_time":0.403843459,"remaining_time":0.9073366026},
{"learn":[5.286865374],"iteration":154,"passed_time":0.4060814376,"remaining_time":0.9038586837},
{"learn":[5.244373933],"iteration":155,"passed_time":0.4082636539,"remaining_time":0.9002736983},
{"learn":[5.189811425],"iteration":156,"passed_time":0.4103605224,"remaining_time":0.8965201221},
{"learn":[5.14580927],"iteration":157,"passed_time":0.4123546578,"remaining_time":0.8925651455},
{"learn":[5.116686674],"iteration":158,"passed_time":0.4145936656,"remaining_time":0.8891599998},
{"learn":[5.072277343],"iteration":159,"passed_time":0.416653336,"remaining_time":0.885388339},
{"learn":[5.049271235],"iteration":160,"passed_time":0.4189043632,"remaining_time":0.8820408641},
{"learn":[5.019091154],"iteration":161,"passed_time":0.4209849059,"remaining_time":0.8783512233},
{"learn":[4.999787028],"iteration":162,"passed_time":0.4228552471,"remaining_time":0.8742467379},
{"learn":[4.975787663],"iteration":163,"passed_time":0.4246078381,"remaining_time":0.8699282537},
{"learn":[4.948718725],"iteration":164,"passed_time":0.4266981122,"remaining_time":0.8663264702},
{"learn":[4.919893257],"iteration":165,"passed_time":0.4285293664,"remaining_time":0.8622217372},
{"learn":[4.878382723],"iteration":166,"passed_time":0.4303555648,"remaining_time":0.8581341502},
{"learn":[4.844242271],"iteration":167,"passed_time":0.4324260757,"remaining_time":0.8545562925},
{"learn":[4.823448028],"iteration":168,"passed_time":0.4343623307,"remaining_time":0.8507333222},
{"learn":[4.752140221],"iteration":169,"passed_time":0.4361840529,"remaining_time":0.8467102204},
{"learn":[4.715828416],"iteration":170,"passed_time":0.43814669,"remaining_time":0.8429839825},
{"learn":[4.686123028],"iteration":171,"passed_time":0.4398667941,"remaining_time":0.8388157468},
{"learn":[4.648306206],"iteration":172,"passed_time":0.4418992573,"remaining_time":0.8352662262},
{"learn":[4.624229913],"iteration":173,"passed_time":0.4436104135,"remaining_time":0.831132154},
{"learn":[4.605999851],"iteration":174,"passed_time":0.4453425764,"remaining_time":0.8270647847},
{"learn":[4.581960562],"iteration":175,"passed_time":0.4473081764,"remaining_time":0.8234536884},
{"learn":[4.543706618],"iteration":176,"passed_time":0.4489439521,"remaining_time":0.8192593024},
{"learn":[4.52601969],"iteration":177,"passed_time":0.4507481992,"remaining_time":0.8153984278},
{"learn":[4.507606898],"iteration":178,"passed_time":0.4524985821,"remaining_time":0.8114639377},
{"learn":[4.483568474],"iteration":179,"passed_time":0.4543063762,"remaining_time":0.8076557798},
{"learn":[4.444181801],"iteration":180,"passed_time":0.4560606154,"remaining_time":0.8037753388},
{"learn":[4.406101984],"iteration":181,"passed_time":0.4580529627,"remaining_time":0.8003342975},
{"learn":[4.376209758],"iteration":182,"passed_time":0.4598576098,"remaining_time":0.7965839471},
{"learn":[4.337962554],"iteration":183,"passed_time":0.4619255829,"remaining_time":0.7933069793},
{"learn":[4.324656623],"iteration":184,"passed_time":0.4638690217,"remaining_time":0.789831037},
{"learn":[4.309449351],"iteration":185,"passed_time":0.4657273629,"remaining_time":0.7862279136},
{"learn":[4.281844471],"iteration":186,"passed_time":0.4677051023,"remaining_time":0.7828432995},
{"learn":[4.254220443],"iteration":187,"passed_time":0.4695162935,"remaining_time":0.779197253},
{"learn":[4.211339381],"iteration":188,"passed_time":0.4713227535,"remaining_time":0.7755628378},
{"learn":[4.188589297],"iteration":189,"passed_time":0.4732489422,"remaining_time":0.772143011},
{"learn":[4.159354695],"iteration":190,"passed_time":0.4752366437,"remaining_time":0.7688383399},
{"learn":[4.140684517],"iteration":191,"passed_time":0.4777425344,"remaining_time":0.766378649},
{"learn":[4.119422778],"iteration":192,"passed_time":0.4799329634,"remaining_time":0.7634166828},
{"learn":[4.094025391],"iteration":193,"passed_time":0.481865292,"remaining_time":0.7600555637},
{"learn":[4.071217063],"iteration":194,"passed_time":0.4836036351,"remaining_time":0.7564056857},
{"learn":[4.049543661],"iteration":195,"passed_time":0.4858513485,"remaining_time":0.7535653568},
{"learn":[4.027117746],"iteration":196,"passed_time":0.4875900113,"remaining_time":0.7499480885},
{"learn":[3.9996397],"iteration":197,"passed_time":0.489360644,"remaining_time":0.746398558},
{"learn":[3.975137993],"iteration":198,"passed_time":0.4913660701,"remaining_time":0.7432220458},
{"learn":[3.938640723],"iteration":199,"passed_time":0.4934595415,"remaining_time":0.7401893123},
{"learn":[3.916716277],"iteration":200,"passed_time":0.4956284788,"remaining_time":0.7372781849},
{"learn":[3.899846242],"iteration":201,"passed_time":0.4975816397,"remaining_time":0.7340560823},
{"learn":[3.880841614],"iteration":202,"passed_time":0.4993289252,"remaining_time":0.7305452748},
{"learn":[3.86445569],"iteration":203,"passed_time":0.5012486442,"remaining_time":0.7273019543},
{"learn":[3.845547759],"iteration":204,"passed_time":0.5031176563,"remaining_time":0.7239985785},
{"learn":[3.829441602],"iteration":205,"passed_time":0.5048299715,"remaining_time":0.7204854933},
{"learn":[3.80312003],"iteration":206,"passed_time":0.5066089098,"remaining_time":0.717084109},
{"learn":[3.785883579],"iteration":207,"passed_time":0.5083591128,"remaining_time":0.7136579853},
{"learn":[3.765303784],"iteration":208,"passed_time":0.5103655285,"remaining_time":0.7106046353},
{"learn":[3.755958871],"iteration":209,"passed_time":0.5121566567,"remaining_time":0.7072639545},
{"learn":[3.738540059],"iteration":210,"passed_time":0.5138811416,"remaining_time":0.7038466821},
{"learn":[3.728315763],"iteration":211,"passed_time":0.51570737,"remaining_time":0.700583597},
{"learn":[3.716205075],"iteration":212,"passed_time":0.5173911991,"remaining_time":0.6971421322},
{"learn":[3.689338692],"iteration":213,"passed_time":0.5190920141,"remaining_time":0.6937397946},
{"learn":[3.675758124],"iteration":214,"passed_time":0.5208234134,"remaining_time":0.6903938271},
{"learn":[3.666011],"iteration":215,"passed_time":0.5225365779,"remaining_time":0.6870388339},
{"learn":[3.648847358],"iteration":216,"passed_time":0.5246439974,"remaining_time":0.6842131395},
{"learn":[3.630532722],"iteration":217,"passed_time":0.5263859874,"remaining_time":0.6809213232},
{"learn":[3.61075263],"iteration":218,"passed_time":0.5281327131,"remaining_time":0.6776497369},
{"learn":[3.604276909],"iteration":219,"passed_time":0.5298039935,"remaining_time":0.6742959917},
{"learn":[3.586488971],"iteration":220,"passed_time":0.5315033094,"remaining_time":0.6709928658},
{"learn":[3.576142175],"iteration":221,"passed_time":0.5332245374,"remaining_time":0.6677316279},
{"learn":[3.552650497],"iteration":222,"passed_time":0.5349062886,"remaining_time":0.6644351656},
{"learn":[3.530815402],"iteration":223,"passed_time":0.5366614374,"remaining_time":0.6612435568},
{"learn":[3.513303363],"iteration":224,"passed_time":0.5387138636,"remaining_time":0.6584280556},
{"learn":[3.510202522],"iteration":225,"passed_time":0.5406761864,"remaining_time":0.6555100667},
{"learn":[3.492837356],"iteration":226,"passed_time":0.5427094687,"remaining_time":0.6526858368},
{"learn":[3.477043743],"iteration":227,"passed_time":0.5444540967,"remaining_time":0.6495241856},
{"learn":[3.455002036],"iteration":228,"passed_time":0.5462259314,"remaining_time":0.6464071065},
{"learn":[3.435814865],"iteration":229,"passed_time":0.5478892782,"remaining_time":0.64317437},
{"learn":[3.412068695],"iteration":230,"passed_time":0.5496673176,"remaining_time":0.640088781},
{"learn":[3.391423857],"iteration":231,"passed_time":0.5514441979,"remaining_time":0.6370131252},
{"learn":[3.378803054],"iteration":232,"passed_time":0.5532620232,"remaining_time":0.6339955373},
{"learn":[3.356313023],"iteration":233,"passed_time":0.5552702773,"remaining_time":0.6312046742},
{"learn":[3.337240577],"iteration":234,"passed_time":0.5571226735,"remaining_time":0.6282447169},
{"learn":[3.322460238],"iteration":235,"passed_time":0.5589197863,"remaining_time":0.6252323033},
{"learn":[3.307462612],"iteration":236,"passed_time":0.5606469592,"remaining_time":0.6221525328},
{"learn":[3.301367436],"iteration":237,"passed_time":0.562413548,"remaining_time":0.6191275192},
{"learn":[3.294460303],"iteration":238,"passed_time":0.5640789334,"remaining_time":0.6160025172},
{"learn":[3.275619409],"iteration":239,"passed_time":0.5658393078,"remaining_time":0.6129925834},
{"learn":[3.268835085],"iteration":240,"passed_time":0.5674740489,"remaining_time":0.6098580028},
{"learn":[3.262131344],"iteration":241,"passed_time":0.5693476071,"remaining_time":0.6069904241},
{"learn":[3.243762628],"iteration":242,"passed_time":0.571265078,"remaining_time":0.6041774694},
{"learn":[3.226330091],"iteration":243,"passed_time":0.5730867503,"remaining_time":0.6012713446},
{"learn":[3.215851488],"iteration":244,"passed_time":0.574821491,"remaining_time":0.5982835927},
{"learn":[3.203496103],"iteration":245,"passed_time":0.5765061352,"remaining_time":0.5952543022},
{"learn":[3.191491275],"iteration":246,"passed_time":0.5782600097,"remaining_time":0.5923068115},
{"learn":[3.186797203],"iteration":247,"passed_time":0.5799873821,"remaining_time":0.5893420173},
{"learn":[3.181845898],"iteration":248,"passed_time":0.5820015191,"remaining_time":0.5866762301},
{"learn":[3.166962827],"iteration":249,"passed_time":0.5839080163,"remaining_time":0.5839080163},
{"learn":[3.150095642],"iteration":250,"passed_time":0.5858249476,"remaining_time":0.5811570198},
{"learn":[3.139785399],"iteration":251,"passed_time":0.5875773888,"remaining_time":0.5782507635},
{"learn":[3.123003881],"iteration":252,"passed_time":0.5894143281,"remaining_time":0.5754361227},
{"learn":[3.117419234],"iteration":253,"passed_time":0.5912029015,"remaining_time":0.5725823377},
{"learn":[3.107773808],"iteration":254,"passed_time":0.5929377446,"remaining_time":0.569685284},
{"learn":[3.098802833],"iteration":255,"passed_time":0.5947505544,"remaining_time":0.5668716222},
{"learn":[3.093448394],"iteration":256,"passed_time":0.5965381157,"remaining_time":0.5640418759},
{"learn":[3.081249402],"iteration":257,"passed_time":0.5986024049,"remaining_time":0.5614797751},
{"learn":[3.077866878],"iteration":258,"passed_time":0.6002732553,"remaining_time":0.5585554229},
{"learn":[3.061824665],"iteration":259,"passed_time":0.6019441657,"remaining_time":0.5556407684},
{"learn":[3.056785301],"iteration":260,"passed_time":0.6035503411,"remaining_time":0.552676366},
{"learn":[3.050819916],"iteration":261,"passed_time":0.6052350698,"remaining_time":0.5497936893},
{"learn":[3.042922366],"iteration":262,"passed_time":0.606869711,"remaining_time":0.5468749867},
{"learn":[3.033495616],"iteration":263,"passed_time":0.6085015446,"remaining_time":0.543963502},
{"learn":[3.02943294],"iteration":264,"passed_time":0.6101937269,"remaining_time":0.5411151918},
{"learn":[3.024022979],"iteration":265,"passed_time":0.6121237941,"remaining_time":0.5384848414},
{"learn":[3.015224757],"iteration":266,"passed_time":0.6139261927,"remaining_time":0.5357483255},
{"learn":[3.007077575],"iteration":267,"passed_time":0.6158207731,"remaining_time":0.5330985797},
{"learn":[2.99793927],"iteration":268,"passed_time":0.6176429053,"remaining_time":0.5303922347},
{"learn":[2.979425796],"iteration":269,"passed_time":0.6193088299,"remaining_time":0.5275593737},
{"learn":[2.968793402],"iteration":270,"passed_time":0.6209509248,"remaining_time":0.5247149881},
{"learn":[2.957379376],"iteration":271,"passed_time":0.6225871946,"remaining_time":0.5218745602},
{"learn":[2.950524751],"iteration":272,"passed_time":0.6242411494,"remaining_time":0.519057659},
{"learn":[2.942549328],"iteration":273,"passed_time":0.6261164562,"remaining_time":0.5164318215},
{"learn":[2.924137691],"iteration":274,"passed_time":0.6278014146,"remaining_time":0.5136557029},
{"learn":[2.915267178],"iteration":275,"passed_time":0.6294221876,"remaining_time":0.5108353986},
{"learn":[2.91217138],"iteration":276,"passed_time":0.6311876077,"remaining_time":0.508140204},
{"learn":[2.896268466],"iteration":277,"passed_time":0.6327823528,"remaining_time":0.505315404},
{"learn":[2.888469841],"iteration":278,"passed_time":0.6344765434,"remaining_time":0.5025781939},
{"learn":[2.876745579],"iteration":279,"passed_time":0.6360963572,"remaining_time":0.499789995},
{"learn":[2.863530029],"iteration":280,"passed_time":0.6377203175,"remaining_time":0.4970133435},
{"learn":[2.850875313],"iteration":281,"passed_time":0.6397609834,"remaining_time":0.4945670014},
{"learn":[2.831076672],"iteration":282,"passed_time":0.6416369696,"remaining_time":0.4919972523},
{"learn":[2.815617951],"iteration":283,"passed_time":0.6432868978,"remaining_time":0.4892604575},
{"learn":[2.796295924],"iteration":284,"passed_time":0.6450559448,"remaining_time":0.4866211514},
{"learn":[2.780557683],"iteration":285,"passed_time":0.6467757337,"remaining_time":0.4839510735},
{"learn":[2.767390609],"iteration":286,"passed_time":0.6483923602,"remaining_time":0.4812110548},
{"learn":[2.74838466],"iteration":287,"passed_time":0.6500455956,"remaining_time":0.4785057856},
{"learn":[2.738077355],"iteration":288,"passed_time":0.6517081331,"remaining_time":0.4758145885},
{"learn":[2.725648674],"iteration":289,"passed_time":0.6536646178,"remaining_time":0.4733433439},
{"learn":[2.712509031],"iteration":290,"passed_time":0.6553879537,"remaining_time":0.4707081867},
{"learn":[2.703614644],"iteration":291,"passed_time":0.657050711,"remaining_time":0.4680361229},
{"learn":[2.693399099],"iteration":292,"passed_time":0.6587303939,"remaining_time":0.4653829063},
{"learn":[2.678068963],"iteration":293,"passed_time":0.6603582509,"remaining_time":0.4626999989},
{"learn":[2.667473838],"iteration":294,"passed_time":0.6620061508,"remaining_time":0.4600381726},
{"learn":[2.655351941],"iteration":295,"passed_time":0.6636805882,"remaining_time":0.4574014865},
{"learn":[2.64323921],"iteration":296,"passed_time":0.6652900508,"remaining_time":0.4547268698},
{"learn":[2.633164944],"iteration":297,"passed_time":0.6673865197,"remaining_time":0.45238952},
{"learn":[2.624601217],"iteration":298,"passed_time":0.6691454983,"remaining_time":0.4498269069},
{"learn":[2.615010243],"iteration":299,"passed_time":0.6708103038,"remaining_time":0.4472068692},
{"learn":[2.599506616],"iteration":300,"passed_time":0.6724550465,"remaining_time":0.4445799144},
{"learn":[2.58449657],"iteration":301,"passed_time":0.6742266413,"remaining_time":0.4420426324},
{"learn":[2.571695498],"iteration":302,"passed_time":0.6760084844,"remaining_time":0.4395170674},
{"learn":[2.559869656],"iteration":303,"passed_time":0.6776806737,"remaining_time":0.4369256975},
{"learn":[2.545774011],"iteration":304,"passed_time":0.6793313513,"remaining_time":0.4343266017},
{"learn":[2.536107444],"iteration":305,"passed_time":0.6813343726,"remaining_time":0.4319570859},
{"learn":[2.524777948],"iteration":306,"passed_time":0.6831098941,"remaining_time":0.4294469367},
{"learn":[2.513682407],"iteration":307,"passed_time":0.6848363443,"remaining_time":0.4269109678},
{"learn":[2.499872263],"iteration":308,"passed_time":0.6865269779,"remaining_time":0.4243580996},
{"learn":[2.488510882],"iteration":309,"passed_time":0.6882524719,"remaining_time":0.4218321602},
{"learn":[2.478974704],"iteration":310,"passed_time":0.6900773215,"remaining_time":0.4193717484},
{"learn":[2.470827879],"iteration":311,"passed_time":0.6917772972,"remaining_time":0.4168401663},
{"learn":[2.459566558],"iteration":312,"passed_time":0.693505349,"remaining_time":0.4143306718},
{"learn":[2.443153454],"iteration":313,"passed_time":0.6954720684,"remaining_time":0.411967531},
{"learn":[2.433850678],"iteration":314,"passed_time":0.6973551982,"remaining_time":0.4095578148},
{"learn":[2.425260685],"iteration":315,"passed_time":0.6989804973,"remaining_time":0.4070013023},
{"learn":[2.410801256],"iteration":316,"passed_time":0.7006501888,"remaining_time":0.4044762919},
{"learn":[2.402097595],"iteration":317,"passed_time":0.702329522,"remaining_time":0.4019621793},
{"learn":[2.391436009],"iteration":318,"passed_time":0.7040751789,"remaining_time":0.3994909322},
{"learn":[2.378654201],"iteration":319,"passed_time":0.7057952275,"remaining_time":0.3970098155},
{"learn":[2.368418585],"iteration":320,"passed_time":0.7074764392,"remaining_time":0.3945117838},
{"learn":[2.35752603],"iteration":321,"passed_time":0.7094325672,"remaining_time":0.392170798},
{"learn":[2.350737813],"iteration":322,"passed_time":0.7113009299,"remaining_time":0.3897841009},
{"learn":[2.338416274],"iteration":323,"passed_time":0.7129162275,"remaining_time":0.3872631359},
{"learn":[2.329429857],"iteration":324,"passed_time":0.714554076,"remaining_time":0.3847598871},
{"learn":[2.317304414],"iteration":325,"passed_time":0.7161600915,"remaining_time":0.3822449568},
{"learn":[2.306417339],"iteration":326,"passed_time":0.7177972106,"remaining_time":0.3797520411},
{"learn":[2.29834502],"iteration":327,"passed_time":0.7195036208,"remaining_time":0.3773006792},
{"learn":[2.288183392],"iteration":328,"passed_time":0.7212750758,"remaining_time":0.3748876534},
{"learn":[2.276514271],"iteration":329,"passed_time":0.7231952244,"remaining_time":0.3725551156},
{"learn":[2.268664649],"iteration":330,"passed_time":0.7249876516,"remaining_time":0.3701598584},
{"learn":[2.262516123],"iteration":331,"passed_time":0.7266136701,"remaining_time":0.3676840258},
{"learn":[2.254419933],"iteration":332,"passed_time":0.7282596417,"remaining_time":0.3652233038},
{"learn":[2.245785077],"iteration":333,"passed_time":0.7299357077,"remaining_time":0.3627824176},
{"learn":[2.234531893],"iteration":334,"passed_time":0.7315933694,"remaining_time":0.3603370327},
{"learn":[2.228895557],"iteration":335,"passed_time":0.7332391811,"remaining_time":0.3578905527},
{"learn":[2.220026971],"iteration":336,"passed_time":0.7349787831,"remaining_time":0.3554941889},
{"learn":[2.21113543],"iteration":337,"passed_time":0.7370555087,"remaining_time":0.3532632912},
{"learn":[2.20521424],"iteration":338,"passed_time":0.7389343724,"remaining_time":0.3509393332},
{"learn":[2.194282014],"iteration":339,"passed_time":0.7407997976,"remaining_time":0.3486116694},
{"learn":[2.185063192],"iteration":340,"passed_time":0.7425440956,"remaining_time":0.3462302381},
{"learn":[2.175815833],"iteration":341,"passed_time":0.7441440663,"remaining_time":0.3437858552},
{"learn":[2.168610485],"iteration":342,"passed_time":0.7457610125,"remaining_time":0.3413541661},
{"learn":[2.156743638],"iteration":343,"passed_time":0.7473906679,"remaining_time":0.3389329773},
{"learn":[2.149798931],"iteration":344,"passed_time":0.749020773,"remaining_time":0.3365165792},
{"learn":[2.139886071],"iteration":345,"passed_time":0.7512546454,"remaining_time":0.3343734549},
{"learn":[2.130799857],"iteration":346,"passed_time":0.753045364,"remaining_time":0.3320344112},
{"learn":[2.124828473],"iteration":347,"passed_time":0.7547413831,"remaining_time":0.3296571558},
{"learn":[2.117687513],"iteration":348,"passed_time":0.7563886136,"remaining_time":0.3272626953},
{"learn":[2.108992056],"iteration":349,"passed_time":0.7580660784,"remaining_time":0.3248854622},
{"learn":[2.102069731],"iteration":350,"passed_time":0.7597425141,"remaining_time":0.3225117795},
{"learn":[2.097698738],"iteration":351,"passed_time":0.7613564029,"remaining_time":0.3201157603},
{"learn":[2.087453453],"iteration":352,"passed_time":0.7631507584,"remaining_time":0.3177993243},
{"learn":[2.078632244],"iteration":353,"passed_time":0.7651419267,"remaining_time":0.3155670093},
{"learn":[2.069095849],"iteration":354,"passed_time":0.7669815438,"remaining_time":0.3132741517},
{"learn":[2.061919522],"iteration":355,"passed_time":0.7687247927,"remaining_time":0.31094486},
{"learn":[2.05635323],"iteration":356,"passed_time":0.7703424184,"remaining_time":0.3085685317},
{"learn":[2.04695865],"iteration":357,"passed_time":0.7720621373,"remaining_time":0.3062369371},
{"learn":[2.03936874],"iteration":358,"passed_time":0.7737381034,"remaining_time":0.3038915671},
{"learn":[2.031448362],"iteration":359,"passed_time":0.7754011804,"remaining_time":0.3015449035},
{"learn":[2.025154442],"iteration":360,"passed_time":0.7770086847,"remaining_time":0.2991806293},
{"learn":[2.019274831],"iteration":361,"passed_time":0.7790367816,"remaining_time":0.2969808725},
{"learn":[2.010536996],"iteration":362,"passed_time":0.7809096204,"remaining_time":0.2947234656},
{"learn":[2.002594855],"iteration":363,"passed_time":0.7826491425,"remaining_time":0.292418361},
{"learn":[1.99547242],"iteration":364,"passed_time":0.7844194812,"remaining_time":0.2901277533},
{"learn":[1.98713792],"iteration":365,"passed_time":0.7861135419,"remaining_time":0.2878120618},
{"learn":[1.981482518],"iteration":366,"passed_time":0.7878245183,"remaining_time":0.2855058881},
{"learn":[1.973028621],"iteration":367,"passed_time":0.7895318977,"remaining_time":0.2832016589},
{"learn":[1.964920815],"iteration":368,"passed_time":0.7913643877,"remaining_time":0.2809450807},
{"learn":[1.959560222],"iteration":369,"passed_time":0.7933278496,"remaining_time":0.278736812},
{"learn":[1.950340315],"iteration":370,"passed_time":0.7952570505,"remaining_time":0.2765179502},
{"learn":[1.944781934],"iteration":371,"passed_time":0.7969558173,"remaining_time":0.2742213565},
{"learn":[1.939472383],"iteration":372,"passed_time":0.7986539745,"remaining_time":0.2719277608},
{"learn":[1.932975309],"iteration":373,"passed_time":0.8003162522,"remaining_time":0.2696252614},
{"learn":[1.927162751],"iteration":374,"passed_time":0.8020375398,"remaining_time":0.2673458466},
{"learn":[1.924319628],"iteration":375,"passed_time":0.8037028949,"remaining_time":0.2650509547},
{"learn":[1.918366401],"iteration":376,"passed_time":0.8054016516,"remaining_time":0.2627703001},
{"learn":[1.909842065],"iteration":377,"passed_time":0.8073355586,"remaining_time":0.2605686194},
{"learn":[1.90194498],"iteration":378,"passed_time":0.8091081126,"remaining_time":0.2583168381},
{"learn":[1.892866713],"iteration":379,"passed_time":0.8109424542,"remaining_time":0.2560870908},
{"learn":[1.887603745],"iteration":380,"passed_time":0.8126096177,"remaining_time":0.2538072034},
{"learn":[1.882045068],"iteration":381,"passed_time":0.8142128157,"remaining_time":0.251510765},
{"learn":[1.874882123],"iteration":382,"passed_time":0.8160071912,"remaining_time":0.2492763482},
{"learn":[1.869545983],"iteration":383,"passed_time":0.817623478,"remaining_time":0.2469904256},
{"learn":[1.863197533],"iteration":384,"passed_time":0.8192402643,"remaining_time":0.2447081309},
{"learn":[1.859705983],"iteration":385,"passed_time":0.8212736798,"remaining_time":0.2425523303},
{"learn":[1.852312067],"iteration":386,"passed_time":0.8229710677,"remaining_time":0.2402990456},
{"learn":[1.844864761],"iteration":387,"passed_time":0.8246895576,"remaining_time":0.2380547177},
{"learn":[1.83397996],"iteration":388,"passed_time":0.826312169,"remaining_time":0.2357857346},
{"learn":[1.828502813],"iteration":389,"passed_time":0.8282396215,"remaining_time":0.2336060471},
{"learn":[1.823767177],"iteration":390,"passed_time":0.8298885575,"remaining_time":0.2313500071},
{"learn":[1.817611689],"iteration":391,"passed_time":0.831638284,"remaining_time":0.2291248333},
{"learn":[1.805780067],"iteration":392,"passed_time":0.8333084619,"remaining_time":0.2268804209},
{"learn":[1.798479818],"iteration":393,"passed_time":0.8349514561,"remaining_time":0.22463161},
{"learn":[1.791526162],"iteration":394,"passed_time":0.8366185297,"remaining_time":0.2223922674},
{"learn":[1.785427619],"iteration":395,"passed_time":0.8382363652,"remaining_time":0.2201428838},
{"learn":[1.77984492],"iteration":396,"passed_time":0.8401472817,"remaining_time":0.2179727204},
{"learn":[1.771654407],"iteration":397,"passed_time":0.8418052861,"remaining_time":0.2157390432},
{"learn":[1.768889105],"iteration":398,"passed_time":0.8435293582,"remaining_time":0.2135249754},
{"learn":[1.762669354],"iteration":399,"passed_time":0.8451825937,"remaining_time":0.2112956484},
{"learn":[1.757175743],"iteration":400,"passed_time":0.8468475491,"remaining_time":0.2090720882},
{"learn":[1.748967035],"iteration":401,"passed_time":0.8484928912,"remaining_time":0.2068465257},
{"learn":[1.742564764],"iteration":402,"passed_time":0.8501294408,"remaining_time":0.2046217264},
{"learn":[1.73591339],"iteration":403,"passed_time":0.8518130204,"remaining_time":0.2024110148},
{"learn":[1.726972149],"iteration":404,"passed_time":0.8537902905,"remaining_time":0.2002717965},
{"learn":[1.718469384],"iteration":405,"passed_time":0.855649431,"remaining_time":0.1981060259},
{"learn":[1.711978776],"iteration":406,"passed_time":0.8572851413,"remaining_time":0.195890708},
{"learn":[1.703469204],"iteration":407,"passed_time":0.858990982,"remaining_time":0.193694045},
{"learn":[1.698365509],"iteration":408,"passed_time":0.8606251336,"remaining_time":0.1914838317},
{"learn":[1.690315745],"iteration":409,"passed_time":0.862334881,"remaining_time":0.1892930227},
{"learn":[1.682509275],"iteration":410,"passed_time":0.8640245655,"remaining_time":0.18710021},
{"learn":[1.674993163],"iteration":411,"passed_time":0.8658042534,"remaining_time":0.1849290638},
{"learn":[1.668364338],"iteration":412,"passed_time":0.8674930087,"remaining_time":0.182740658},
{"learn":[1.663888757],"iteration":413,"passed_time":0.8690884232,"remaining_time":0.1805352763},
{"learn":[1.658155703],"iteration":414,"passed_time":0.8710557218,"remaining_time":0.1784090033},
{"learn":[1.652761241],"iteration":415,"passed_time":0.8729018533,"remaining_time":0.1762590281},
{"learn":[1.647194029],"iteration":416,"passed_time":0.8748075442,"remaining_time":0.1741223649},
{"learn":[1.641448159],"iteration":417,"passed_time":0.8765752724,"remaining_time":0.1719597424},
{"learn":[1.634557045],"iteration":418,"passed_time":0.8782719409,"remaining_time":0.1697852678},
{"learn":[1.630952705],"iteration":419,"passed_time":0.8798581232,"remaining_time":0.1675920235},
{"learn":[1.624023131],"iteration":420,"passed_time":0.8815543149,"remaining_time":0.1654223061},
{"learn":[1.619165406],"iteration":421,"passed_time":0.8831718306,"remaining_time":0.163240291},
{"learn":[1.613889675],"iteration":422,"passed_time":0.8849880376,"remaining_time":0.1610971132},
{"learn":[1.605990857],"iteration":423,"passed_time":0.8870016937,"remaining_time":0.1589908696},
{"learn":[1.599180156],"iteration":424,"passed_time":0.8887559333,"remaining_time":0.1568392824},
{"learn":[1.594669695],"iteration":425,"passed_time":0.8904317396,"remaining_time":0.154675936},
{"learn":[1.586461508],"iteration":426,"passed_time":0.8920760825,"remaining_time":0.1525094942},
{"learn":[1.580566986],"iteration":427,"passed_time":0.8937313762,"remaining_time":0.1503473343},
{"learn":[1.575433773],"iteration":428,"passed_time":0.8953672863,"remaining_time":0.1481843294},
{"learn":[1.570476997],"iteration":429,"passed_time":0.8969665476,"remaining_time":0.1460178101},
{"learn":[1.565689708],"iteration":430,"passed_time":0.8985782383,"remaining_time":0.1438559129},
{"learn":[1.559056462],"iteration":431,"passed_time":0.9005419199,"remaining_time":0.1417519689},
{"learn":[1.551587233],"iteration":432,"passed_time":0.9022419656,"remaining_time":0.1396078792},
{"learn":[1.548350779],"iteration":433,"passed_time":0.9040769066,"remaining_time":0.1374863498},
{"learn":[1.545518186],"iteration":434,"passed_time":0.9056965905,"remaining_time":0.1353339733},
{"learn":[1.538592042],"iteration":435,"passed_time":0.9073291834,"remaining_time":0.1331859352},
{"learn":[1.535689955],"iteration":436,"passed_time":0.9089285446,"remaining_time":0.1310354652},
{"learn":[1.532272578],"iteration":437,"passed_time":0.9106191283,"remaining_time":0.1289004246},
{"learn":[1.524201565],"iteration":438,"passed_time":0.9122018936,"remaining_time":0.1267524271},
{"learn":[1.518749728],"iteration":439,"passed_time":0.9141097826,"remaining_time":0.124651334},
{"learn":[1.513032262],"iteration":440,"passed_time":0.9159080448,"remaining_time":0.1225364504},
{"learn":[1.50817066],"iteration":441,"passed_time":0.9176135258,"remaining_time":0.1204108247},
{"learn":[1.501524796],"iteration":442,"passed_time":0.9192365469,"remaining_time":0.1182764857},
{"learn":[1.496126489],"iteration":443,"passed_time":0.9209261514,"remaining_time":0.1161528479},
{"learn":[1.48898879],"iteration":444,"passed_time":0.92255206,"remaining_time":0.1140232883},
{"learn":[1.483338846],"iteration":445,"passed_time":0.9241439875,"remaining_time":0.1118918729},
{"learn":[1.477013812],"iteration":446,"passed_time":0.9257841241,"remaining_time":0.1097685874},
{"learn":[1.473258433],"iteration":447,"passed_time":0.9276618687,"remaining_time":0.1076750383},
{"learn":[1.470027524],"iteration":448,"passed_time":0.9295076236,"remaining_time":0.1055788169},
{"learn":[1.466485474],"iteration":449,"passed_time":0.9312423198,"remaining_time":0.1034713689},
{"learn":[1.45890999],"iteration":450,"passed_time":0.9328376544,"remaining_time":0.1013504325},
{"learn":[1.453416822],"iteration":451,"passed_time":0.9344480962,"remaining_time":0.09923342614},
{"learn":[1.448188026],"iteration":452,"passed_time":0.9360551608,"remaining_time":0.09711830587},
{"learn":[1.44206583],"iteration":453,"passed_time":0.9376728264,"remaining_time":0.09500649783},
{"learn":[1.435541397],"iteration":454,"passed_time":0.9393141919,"remaining_time":0.09289920579},
{"learn":[1.431585559],"iteration":455,"passed_time":0.940972553,"remaining_time":0.09079559722},
{"learn":[1.424260155],"iteration":456,"passed_time":0.9429977094,"remaining_time":0.08872844968},
{"learn":[1.417614512],"iteration":457,"passed_time":0.9447433862,"remaining_time":0.08663585638},
{"learn":[1.41295965],"iteration":458,"passed_time":0.9464413467,"remaining_time":0.08454051245},
{"learn":[1.410776234],"iteration":459,"passed_time":0.9480688839,"remaining_time":0.08244077251},
{"learn":[1.404206806],"iteration":460,"passed_time":0.9498102015,"remaining_time":0.08035270685},
{"learn":[1.39898083],"iteration":461,"passed_time":0.9514263484,"remaining_time":0.07825584684},
{"learn":[1.390323115],"iteration":462,"passed_time":0.9530341424,"remaining_time":0.07616039583},
{"learn":[1.384707516],"iteration":463,"passed_time":0.9546901255,"remaining_time":0.0740707856},
{"learn":[1.37942408],"iteration":464,"passed_time":0.9568957715,"remaining_time":0.07202441291},
{"learn":[1.377761416],"iteration":465,"passed_time":0.9585387387,"remaining_time":0.06993630282},
{"learn":[1.372010695],"iteration":466,"passed_time":0.9602031216,"remaining_time":0.06785161245},
{"learn":[1.366149455],"iteration":467,"passed_time":0.9617736473,"remaining_time":0.06576230067},
{"learn":[1.360402162],"iteration":468,"passed_time":0.963384139,"remaining_time":0.06367784288},
{"learn":[1.353823791],"iteration":469,"passed_time":0.9650317392,"remaining_time":0.06159777059},
{"learn":[1.348438683],"iteration":470,"passed_time":0.9667095038,"remaining_time":0.05952139195},
{"learn":[1.344417343],"iteration":471,"passed_time":0.968335852,"remaining_time":0.05744365224},
{"learn":[1.341413355],"iteration":472,"passed_time":0.9702863079,"remaining_time":0.05538632202},
{"learn":[1.337115118],"iteration":473,"passed_time":0.9719624539,"remaining_time":0.0533143962},
{"learn":[1.333143911],"iteration":474,"passed_time":0.9736315628,"remaining_time":0.05124376646},
{"learn":[1.326987982],"iteration":475,"passed_time":0.9753642007,"remaining_time":0.04917802693},
{"learn":[1.323706918],"iteration":476,"passed_time":0.9769514622,"remaining_time":0.04710667428},
{"learn":[1.320757901],"iteration":477,"passed_time":0.9785408818,"remaining_time":0.04503744644},
{"learn":[1.316300065],"iteration":478,"passed_time":0.980229627,"remaining_time":0.04297457655},
{"learn":[1.308805979],"iteration":479,"passed_time":0.9818970604,"remaining_time":0.04091237752},
{"learn":[1.304320055],"iteration":480,"passed_time":0.9838226144,"remaining_time":0.03886201595},
{"learn":[1.299752232],"iteration":481,"passed_time":0.9854924257,"remaining_time":0.03680262171},
{"learn":[1.295933916],"iteration":482,"passed_time":0.9871162262,"remaining_time":0.03474322121},
{"learn":[1.292371294],"iteration":483,"passed_time":0.9887297653,"remaining_time":0.0326852815},
{"learn":[1.288868154],"iteration":484,"passed_time":0.9904893173,"remaining_time":0.03063369023},
{"learn":[1.286034876],"iteration":485,"passed_time":0.9921333006,"remaining_time":0.02857997162},
{"learn":[1.28144424],"iteration":486,"passed_time":0.9938126239,"remaining_time":0.02652887908},
{"learn":[1.276182567],"iteration":487,"passed_time":0.9955506172,"remaining_time":0.02448075288},
{"learn":[1.270755026],"iteration":488,"passed_time":0.9972545995,"remaining_time":0.02243313005},
{"learn":[1.265146295],"iteration":489,"passed_time":0.9992705268,"remaining_time":0.02039327606},
{"learn":[1.26358404],"iteration":490,"passed_time":1.000963811,"remaining_time":0.0183476055},
{"learn":[1.258614595],"iteration":491,"passed_time":1.002703094,"remaining_time":0.01630411534},
{"learn":[1.254123591],"iteration":492,"passed_time":1.004353431,"remaining_time":0.01426059639},
{"learn":[1.251519184],"iteration":493,"passed_time":1.005956,"remaining_time":0.01221808907},
{"learn":[1.248060984],"iteration":494,"passed_time":1.007589412,"remaining_time":0.01017767083},
{"learn":[1.24469884],"iteration":495,"passed_time":1.00923987,"remaining_time":0.008139031209},
{"learn":[1.239336531],"iteration":496,"passed_time":1.010902377,"remaining_time":0.006102026423},
{"learn":[1.232167651],"iteration":497,"passed_time":1.012724636,"remaining_time":0.004067167213},
{"learn":[1.227714794],"iteration":498,"passed_time":1.014548037,"remaining_time":0.002033162399},
{"learn":[1.225718708],"iteration":499,"passed_time":1.016220746,"remaining_time":0}
]}