timestamp,location,weather_condition
2022-12-01 12:47:24,Koramangala,Rainy
2021-01-28 08:40:56,Indiranagar,Rainy
2021-10-28 21:10:11,HSR Layout,Rainy
2021-09-02 04:37:16,HSR Layout,Foggy
2023-03-17 16:47:17,Indiranagar,Rainy
2023-01-11 07:25:18,Whitefield,Foggy
2023-09-04 01:04:00,MG Road,Cloudy
2021-04-06 02:39:57,Indiranagar,Foggy
2022-04-07 13:58:45,Whitefield,Foggy
2021-02-02 14:21:20,Koramangala,Rainy
2021-08-28 04:33:31,Indiranagar,Rainy
2022-07-07 20:36:30,Koramangala,Sunny
2021-01-30 00:43:42,Whitefield,Foggy
2021-08-06 12:40:52,Whitefield,Cloudy
2022-12-12 23:21:56,Whitefield,Sunny
2022-08-20 03:59:00,Whitefield,Sunny
2021-08-30 03:53:20,HSR Layout,Sunny
2022-10-07 15:45:35,Whitefield,Rainy
2023-06-05 12:24:21,HSR Layout,Rainy
2021-01-08 02:37:53,MG Road,Rainy
2023-06-01 13:35:24,HSR Layout,Cloudy
2023-02-03 18:20:52,Koramangala,Foggy
2022-01-08 05:37:03,MG Road,Sunny
2021-06-20 02:16:11,Koramangala,Rainy
2023-11-14 04:35:11,Indiranagar,Foggy
2022-01-04 05:37:34,Indiranagar,Sunny
2021-04-12 11:08:05,HSR Layout,Foggy
2021-04-16 19:23:06,Koramangala,Sunny
2023-07-17 03:48:43,Indiranagar,Foggy
2022-10-23 11:25:50,Indiranagar,Rainy
2023-06-02 23:57:35,Indiranagar,Foggy
2023-03-10 07:50:16,MG Road,Foggy
2022-08-10 15:12:17,MG Road,Sunny
2023-12-01 14:07:38,Whitefield,Foggy
2022-02-19 02:47:54,Koramangala,Cloudy
2022-08-27 22:22:43,Indiranagar,Sunny
2023-06-27 08:50:55,Koramangala,Foggy
2022-11-08 15:51:16,Whitefield,Cloudy
2023-08-01 16:58:34,HSR Layout,Sunny
2022-09-24 14:57:28,Whitefield,Rainy
2023-02-10 19:14:17,Indiranagar,Sunny
2021-02-20 03:09:54,HSR Layout,Sunny
2021-09-07 07:41:49,HSR Layout,Foggy
2021-11-13 14:10:13,Whitefield,Cloudy
2021-03-29 07:01:05,Indiranagar,Sunny
2021-09-12 16:09:27,HSR Layout,Sunny
2021-04-21 11:53:36,Whitefield,Sunny
2021-11-01 02:28:29,Whitefield,Foggy
2022-11-27 10:31:50,Indiranagar,Sunny
2022-02-04 03:02:01,Whitefield,Cloudy
2022-02-09 23:28:17,Whitefield,Foggy
2021-08-18 04:48:59,Whitefield,Rainy
2021-10-20 01:46:10,Koramangala,Rainy
2023-10-22 16:48:10,MG Road,Foggy
2022-12-10 22:49:01,Koramangala,Cloudy
2022-10-29 09:20:37,Whitefield,Foggy
2021-07-07 05:24:58,MG Road,Foggy
2023-03-09 15:57:11,HSR Layout,Foggy
2021-06-28 18:17:45,Koramangala,Foggy
2022-02-20 02:58:55,Koramangala,Sunny
2023-12-19 12:55:30,Koramangala,Rainy
2022-12-02 03:50:01,Indiranagar,Cloudy
2022-09-02 07:16:20,Whitefield,Sunny
2023-01-19 23:13:54,HSR Layout,Rainy
2023-07-12 01:55:12,HSR Layout,Foggy
2023-04-29 22:39:13,HSR Layout,Rainy
2021-09-08 13:53:10,Whitefield,Rainy
2021-02-05 02:49:26,MG Road,Sunny
2021-12-12 02:32:06,Koramangala,Sunny
2021-10-20 21:48:15,Whitefield,Cloudy
2021-08-19 19:33:55,Koramangala,Foggy
2023-10-29 13:02:14,Whitefield,Foggy
2023-08-17 17:54:30,Koramangala,Foggy
2021-12-11 06:10:56,Whitefield,Rainy
2022-12-19 01:11:51,MG Road,Rainy
2022-03-09 19:42:40,HSR Layout,Foggy
2023-09-28 12:21:41,Koramangala,Cloudy
2022-05-17 23:36:51,Whitefield,Rainy
2021-10-17 18:41:37,MG Road,Cloudy
2021-09-27 19:27:06,MG Road,Rainy
2022-09-07 03:16:54,HSR Layout,Sunny
2021-10-15 10:32:37,Whitefield,Sunny
2022-10-02 12:53:23,Koramangala,Foggy
2023-09-10 05:14:15,Indiranagar,Sunny
2022-03-13 22:39:34,MG Road,Rainy
2021-08-28 22:29:09,MG Road,Rainy
2023-12-28 07:20:50,HSR Layout,Sunny
2022-07-12 10:07:20,Whitefield,Sunny
2021-04-10 10:55:03,Indiranagar,Sunny
2021-02-21 13:05:15,Indiranagar,Foggy
2021-04-30 22:56:51,Indiranagar,Sunny
2022-11-18 10:13:23,Whitefield,Rainy
2023-05-17 12:50:08,Koramangala,Sunny
2022-04-07 20:13:55,MG Road,Foggy
2021-03-11 11:59:00,Whitefield,Foggy
2022-02-22 11:47:45,Indiranagar,Rainy
2023-12-26 18:09:46,MG Road,Rainy
2022-08-02 20:25:34,MG Road,Sunny
2023-11-29 08:38:01,Indiranagar,Rainy
2023-07-31 16:37:54,Indiranagar,Cloudy
2021-01-13 13:26:44,MG Road,Rainy
2023-02-28 11:16:19,HSR Layout,Cloudy
2023-01-16 18:59:14,MG Road,Cloudy
2022-08-11 10:41:34,Koramangala,Rainy
2021-10-19 21:45:43,Koramangala,Cloudy
2022-12-03 05:05:34,HSR Layout,Rainy
2021-05-03 00:54:49,Whitefield,Rainy
2022-04-21 15:11:47,MG Road,Foggy
2022-05-12 08:58:10,Koramangala,Cloudy
2023-11-10 11:23:27,MG Road,Cloudy
2023-08-17 04:23:41,HSR Layout,Sunny
2021-10-16 03:32:34,Indiranagar,Rainy
2022-07-02 15:23:20,HSR Layout,Foggy
2021-07-15 10:41:01,HSR Layout,Foggy
2023-09-26 09:57:23,HSR Layout,Sunny
2023-08-11 08:20:08,Koramangala,Cloudy
2021-11-23 11:57:59,HSR Layout,Foggy
2022-12-01 00:15:28,Indiranagar,Cloudy
2022-10-29 05:07:18,Indiranagar,Foggy
2021-06-17 04:56:52,Indiranagar,Foggy
2023-04-15 04:29:00,Whitefield,Rainy
2022-08-14 01:56:08,HSR Layout,Cloudy
2023-05-02 19:37:00,Indiranagar,Foggy
2022-08-04 04:57:57,Whitefield,Rainy
2021-01-01 15:00:56,HSR Layout,Foggy
2021-12-21 15:02:29,HSR Layout,Rainy
2021-01-22 07:22:52,MG Road,Rainy
2023-10-14 10:24:47,HSR Layout,Cloudy
2023-08-20 07:43:17,MG Road,Rainy
2023-06-29 20:12:36,Koramangala,Foggy
2021-12-03 10:05:27,Koramangala,Sunny
2021-03-05 08:52:59,Whitefield,Foggy
2023-08-19 13:01:12,MG Road,Foggy
2023-11-02 23:06:16,Koramangala,Rainy
2021-04-04 16:55:01,Koramangala,Foggy
2022-06-16 16:09:56,Koramangala,Rainy
2021-03-17 17:14:37,HSR Layout,Cloudy
2023-04-13 02:22:13,MG Road,Rainy
2023-04-18 19:44:55,Koramangala,Cloudy
2021-05-21 11:02:46,MG Road,Sunny
2022-06-04 23:00:50,Indiranagar,Foggy
2022-08-25 11:38:35,Indiranagar,Cloudy
2021-10-17 23:19:36,HSR Layout,Sunny
2023-08-13 10:36:06,Indiranagar,Rainy
2022-04-08 21:54:35,Whitefield,Sunny
2021-08-20 16:58:25,MG Road,Cloudy
2022-08-13 23:45:29,Koramangala,Foggy
2023-03-10 13:04:12,Whitefield,Sunny
2021-08-09 01:25:20,Whitefield,Sunny
2021-12-08 00:25:22,Indiranagar,Rainy
2023-12-25 16:38:29,MG Road,Rainy
2022-12-12 23:11:53,Koramangala,Foggy
2022-04-25 06:45:20,Whitefield,Rainy
2022-07-21 05:28:16,HSR Layout,Cloudy
2021-05-13 09:05:10,Koramangala,Cloudy
2021-09-03 19:39:11,Indiranagar,Sunny
2022-01-05 20:46:28,MG Road,Rainy
2022-10-06 14:38:01,HSR Layout,Rainy
2021-09-09 17:53:32,Koramangala,Sunny
2021-08-29 22:01:39,Koramangala,Foggy
2021-03-19 15:59:40,Whitefield,Rainy
2022-11-22 10:14:21,Koramangala,Rainy
2021-09-08 11:05:43,MG Road,Foggy
2023-09-18 12:42:28,MG Road,Rainy
2023-07-30 10:35:13,Koramangala,Cloudy
2021-03-19 12:25:50,Whitefield,Cloudy
2021-09-18 09:02:58,HSR Layout,Foggy
2023-01-02 20:40:49,HSR Layout,Foggy
2021-08-23 09:00:05,Whitefield,Cloudy
2021-05-25 17:58:47,Indiranagar,Cloudy
2023-10-21 10:51:42,MG Road,Cloudy
2022-09-17 17:18:26,Indiranagar,Cloudy
2022-06-02 02:27:01,Whitefield,Foggy
2023-05-09 08:58:03,Indiranagar,Foggy
2023-06-03 09:38:28,Whitefield,Sunny
2021-07-28 07:24:09,HSR Layout,Foggy
2021-04-17 01:00:55,HSR Layout,Cloudy
2022-04-17 13:40:47,Indiranagar,Rainy
2022-04-09 09:28:49,Indiranagar,Cloudy
2022-05-26 22:11:58,MG Road,Cloudy
2023-03-09 14:36:55,HSR Layout,Foggy
2023-01-07 15:51:34,MG Road,Sunny
2023-12-13 16:14:30,Indiranagar,Rainy
2021-04-18 16:03:34,Whitefield,Rainy
2022-03-17 11:13:27,HSR Layout,Sunny
2022-01-07 04:43:45,Whitefield,Cloudy
2023-08-01 16:04:26,MG Road,Foggy
2021-09-30 00:43:14,MG Road,Cloudy
2021-07-28 02:07:30,Koramangala,Rainy
2022-05-06 18:47:50,HSR Layout,Rainy
2022-04-07 12:55:27,HSR Layout,Cloudy
2021-11-01 17:28:52,MG Road,Rainy
2021-10-01 06:55:05,Whitefield,Foggy
2023-10-08 01:15:41,HSR Layout,Rainy
2022-04-30 18:50:27,MG Road,Foggy
2023-08-01 07:34:55,Koramangala,Cloudy
2022-08-26 01:20:29,Indiranagar,Cloudy
2021-02-25 08:14:49,HSR Layout,Foggy
2023-12-30 05:09:37,Indiranagar,Foggy
2023-07-04 14:44:24,Whitefield,Foggy
2023-11-27 01:57:56,Koramangala,Rainy
2023-10-11 10:41:29,HSR Layout,Cloudy
2023-07-18 11:21:18,Indiranagar,Rainy
2021-07-01 22:39:52,Indiranagar,Rainy
2022-06-16 06:59:36,MG Road,Foggy
2021-08-22 20:08:56,Indiranagar,Rainy
2022-03-15 17:42:50,Whitefield,Sunny
2021-03-06 03:31:51,Indiranagar,Sunny
2022-02-19 14:19:05,Whitefield,Sunny
2023-12-14 22:16:08,Whitefield,Sunny
2021-10-18 03:10:17,MG Road,Sunny
2023-05-08 18:33:27,Koramangala,Foggy
2022-05-13 18:41:58,Whitefield,Rainy
2022-04-08 18:29:04,Indiranagar,Rainy
2023-11-14 07:19:55,Indiranagar,Sunny
2023-12-25 23:49:05,Whitefield,Rainy
2022-09-01 00:15:11,Indiranagar,Sunny
2023-02-25 22:31:39,HSR Layout,Rainy
2021-06-19 08:20:43,MG Road,Foggy
2021-11-21 14:21:38,Indiranagar,Cloudy
2023-11-26 18:25:59,MG Road,Sunny
2022-09-26 14:57:27,Whitefield,Foggy
2022-08-17 03:52:37,Whitefield,Foggy
2023-03-30 06:50:46,Whitefield,Sunny
2021-03-04 12:55:53,MG Road,Sunny
2022-10-02 02:10:00,Indiranagar,Foggy
2022-07-05 02:50:22,HSR Layout,Sunny
2023-07-22 21:00:48,MG Road,Sunny
2021-06-22 05:33:13,HSR Layout,Cloudy
2023-11-18 02:12:39,Indiranagar,Cloudy
2021-03-29 15:24:23,Indiranagar,Sunny
2021-07-23 07:01:12,MG Road,Foggy
2022-10-13 23:14:30,Koramangala,Rainy
2023-01-09 16:22:50,HSR Layout,Sunny
2021-09-15 07:30:48,Whitefield,Sunny
2021-05-12 03:44:34,HSR Layout,Rainy
2023-09-01 23:23:01,Indiranagar,Rainy
2021-09-27 08:37:48,Indiranagar,Rainy
2022-10-13 09:41:41,MG Road,Cloudy
2022-11-09 14:28:51,Koramangala,Cloudy
2022-04-04 15:10:09,Whitefield,Cloudy
2022-10-01 12:53:58,HSR Layout,Foggy
2022-07-26 22:10:58,Koramangala,Sunny
2023-10-20 13:38:51,Whitefield,Cloudy
2021-08-12 11:01:46,Indiranagar,Foggy
2023-02-23 12:19:54,Indiranagar,Foggy
2021-09-19 02:56:18,MG Road,Rainy
2022-03-09 23:45:11,MG Road,Rainy
2023-01-05 19:53:54,HSR Layout,Cloudy
2021-11-25 04:43:23,Koramangala,Sunny
2021-12-12 21:32:54,Koramangala,Sunny
2023-04-03 12:57:14,Whitefield,Sunny
2021-03-21 08:41:31,HSR Layout,Foggy
2022-05-17 08:44:40,MG Road,Foggy
2023-12-29 07:25:11,HSR Layout,Foggy
2023-12-26 17:30:30,Indiranagar,Foggy
2021-03-22 03:32:00,MG Road,Sunny
2021-08-22 04:34:46,Koramangala,Sunny
2021-10-18 03:06:07,MG Road,Rainy
2023-10-18 23:39:29,Indiranagar,Sunny
2023-08-22 15:58:11,MG Road,Foggy
2023-08-20 22:07:10,Koramangala,Foggy
2022-02-09 06:18:11,Indiranagar,Cloudy
2021-06-22 13:48:02,Whitefield,Sunny
2023-07-02 02:48:27,HSR Layout,Sunny
2023-02-09 16:08:39,Whitefield,Rainy
2022-11-01 04:12:41,Indiranagar,Rainy
2023-12-17 00:47:28,Indiranagar,Foggy
2022-12-17 10:48:07,Indiranagar,Cloudy
2021-01-09 13:24:12,Koramangala,Sunny
2023-06-13 21:53:10,Indiranagar,Sunny
2021-11-24 12:29:18,HSR Layout,Cloudy
2022-12-27 17:56:02,Koramangala,Sunny
2023-10-25 04:32:46,Indiranagar,Rainy
2021-05-27 21:56:50,Koramangala,Cloudy
2021-05-07 06:41:42,HSR Layout,Sunny
2021-04-28 02:20:11,HSR Layout,Rainy
2022-08-29 05:26:23,Koramangala,Rainy
2021-10-25 22:46:28,MG Road,Foggy
2022-10-24 16:24:42,Whitefield,Sunny
2023-02-25 01:37:32,Indiranagar,Cloudy
2021-08-11 17:39:03,Whitefield,Rainy
2022-11-25 20:33:06,HSR Layout,Rainy
2021-10-16 19:09:40,Whitefield,Foggy
2022-06-19 10:53:32,MG Road,Cloudy
2023-09-18 10:30:53,Whitefield,Foggy
2023-07-15 15:17:56,Whitefield,Rainy
2021-04-11 23:23:18,HSR Layout,Sunny
2022-04-09 09:24:19,HSR Layout,Cloudy
2021-10-30 16:30:57,Indiranagar,Sunny
2021-01-04 21:05:44,Koramangala,Sunny
2023-04-24 14:30:22,Indiranagar,Foggy
2022-11-29 00:02:55,HSR Layout,Rainy
2021-10-14 13:53:50,Indiranagar,Sunny
2023-03-22 21:45:31,Whitefield,Cloudy
2022-08-27 12:55:16,Whitefield,Foggy
2022-04-13 21:20:51,HSR Layout,Cloudy
2021-01-11 13:53:15,HSR Layout,Sunny
2021-03-24 07:36:10,Indiranagar,Cloudy
2023-08-25 02:50:29,Indiranagar,Foggy
2023-09-16 21:32:54,Whitefield,Foggy
2022-08-20 21:01:07,Koramangala,Rainy
2023-07-03 01:07:36,Koramangala,Cloudy
2022-09-30 06:22:16,HSR Layout,Foggy
2021-06-12 00:21:01,Indiranagar,Foggy
2021-05-20 10:12:34,Koramangala,Rainy
2021-12-04 05:37:52,Indiranagar,Foggy
2023-09-11 11:39:28,MG Road,Sunny
2023-05-21 22:59:14,Whitefield,Cloudy
2023-07-31 14:36:25,Indiranagar,Rainy
2023-09-11 10:09:54,Indiranagar,Sunny
2021-08-18 19:46:10,Indiranagar,Sunny
2021-09-30 23:39:10,Koramangala,Cloudy
2021-04-23 10:56:57,Indiranagar,Rainy
2023-05-04 10:43:55,MG Road,Foggy
2023-08-26 05:50:26,Koramangala,Rainy
2022-03-21 13:50:41,HSR Layout,Foggy
2022-11-11 00:05:18,HSR Layout,Cloudy
2021-06-19 01:57:08,Whitefield,Cloudy
2023-10-15 06:57:21,MG Road,Sunny
2023-08-04 21:05:13,Indiranagar,Sunny
2023-12-04 23:15:56,MG Road,Sunny
2023-06-06 23:37:20,HSR Layout,Cloudy
2023-08-23 06:27:49,Indiranagar,Foggy
2021-01-28 02:47:26,MG Road,Cloudy
2023-03-17 19:14:12,Koramangala,Cloudy
2021-12-30 09:51:41,Indiranagar,Sunny
2023-10-16 07:30:06,Koramangala,Rainy
2023-05-28 15:29:08,MG Road,Sunny
2023-08-04 06:51:54,Indiranagar,Rainy
2023-06-06 23:02:02,Whitefield,Foggy
2021-10-19 21:15:02,Whitefield,Foggy
2023-05-12 09:18:18,HSR Layout,Foggy
2021-04-29 06:09:31,Indiranagar,Sunny
2023-08-13 03:36:39,MG Road,Sunny
2023-07-29 07:13:27,Whitefield,Sunny
2021-09-01 08:13:10,HSR Layout,Cloudy
2023-06-13 08:17:52,Indiranagar,Sunny
2022-05-19 13:43:18,Whitefield,Cloudy
2021-11-30 21:05:29,Indiranagar,Foggy
2023-05-21 02:35:29,HSR Layout,Sunny
2021-09-06 23:44:49,MG Road,Cloudy
2021-01-26 21:20:00,HSR Layout,Foggy
2021-07-31 06:48:56,MG Road,Foggy
2021-12-26 02:50:44,Koramangala,Sunny
2023-08-04 14:27:03,Whitefield,Rainy
2023-11-24 18:38:25,Koramangala,Rainy
2021-11-02 08:42:20,MG Road,Foggy
2022-12-03 18:44:40,Indiranagar,Rainy
2022-03-14 05:57:20,MG Road,Rainy
2023-12-10 09:03:58,MG Road,Cloudy
2022-08-10 14:52:48,Indiranagar,Cloudy
2023-10-25 12:36:37,Koramangala,Cloudy
2021-05-07 04:24:46,Whitefield,Foggy
2023-11-28 14:50:18,MG Road,Rainy
2021-07-15 08:28:35,MG Road,Sunny
2023-11-20 00:18:03,Whitefield,Rainy
2021-10-18 10:05:05,MG Road,Foggy
2021-04-29 14:13:02,Whitefield,Cloudy
2022-04-21 09:54:21,Whitefield,Foggy
2023-03-09 00:40:44,Whitefield,Cloudy
2021-12-10 03:54:41,Indiranagar,Foggy
2022-10-26 04:37:10,Koramangala,Sunny
2022-07-14 11:55:25,Koramangala,Cloudy
2022-02-26 09:41:28,HSR Layout,Cloudy
2022-09-23 18:53:44,Indiranagar,Rainy
2021-10-06 15:59:38,HSR Layout,Foggy
2023-02-15 09:51:59,Koramangala,Rainy
2021-01-02 20:24:22,Koramangala,Foggy
2023-10-10 13:54:05,Koramangala,Sunny
2022-08-13 01:35:44,MG Road,Rainy
2023-02-27 01:21:14,HSR Layout,Cloudy
2023-03-23 16:38:28,Indiranagar,Sunny
2023-01-04 16:01:19,HSR Layout,Foggy
2022-02-03 10:59:56,Koramangala,Cloudy
2021-03-18 13:13:56,Indiranagar,Foggy
2022-12-28 16:13:28,HSR Layout,Cloudy
2021-12-28 05:43:55,Koramangala,Foggy
2021-12-10 10:10:09,Koramangala,Cloudy
2023-07-17 17:29:21,Indiranagar,Foggy
2023-02-27 09:52:04,Whitefield,Rainy
2021-11-25 13:15:41,Indiranagar,Cloudy
2021-12-05 08:34:41,Whitefield,Cloudy
2022-03-23 18:45:51,MG Road,Rainy
2022-03-17 05:25:28,Indiranagar,Foggy
2021-11-20 10:43:22,Whitefield,Cloudy
2021-05-20 06:04:06,HSR Layout,Rainy
2022-04-05 23:14:20,Koramangala,Foggy
2023-10-26 18:11:18,MG Road,Cloudy
2023-01-11 23:39:35,Indiranagar,Cloudy
2023-09-15 16:03:44,Whitefield,Foggy
2022-11-05 08:57:34,HSR Layout,Rainy
2021-11-26 05:44:23,Whitefield,Cloudy
2022-08-23 10:38:22,Indiranagar,Foggy
2021-01-01 10:39:30,Whitefield,Cloudy
2021-11-10 21:12:23,Indiranagar,Foggy
2022-04-16 07:08:35,Whitefield,Cloudy
2022-09-27 12:04:49,Koramangala,Sunny
2022-12-18 05:57:03,Indiranagar,Rainy
2022-05-24 16:43:47,Indiranagar,Rainy
2022-04-29 17:20:51,MG Road,Sunny
2021-08-22 18:56:38,Koramangala,Foggy
2022-06-02 15:58:35,Indiranagar,Rainy
2023-09-13 21:24:13,HSR Layout,Foggy
2023-05-21 20:25:33,Whitefield,Cloudy
2021-07-05 15:25:02,HSR Layout,Sunny
2021-04-03 18:23:29,Whitefield,Foggy
2022-07-18 21:42:28,Whitefield,Foggy
2022-11-24 10:29:42,MG Road,Rainy
2022-01-02 16:42:10,Indiranagar,Cloudy
2023-06-15 08:31:35,Whitefield,Rainy
2023-04-02 17:52:58,MG Road,Cloudy
2023-01-07 00:55:23,HSR Layout,Rainy
2021-09-03 18:09:55,MG Road,Foggy
2021-08-06 20:21:19,HSR Layout,Foggy
2021-01-27 17:18:46,Indiranagar,Sunny
2021-09-25 20:35:09,Whitefield,Foggy
2022-06-04 19:10:47,Koramangala,Foggy
2023-07-19 14:42:46,HSR Layout,Foggy
2021-03-21 16:10:40,Whitefield,Foggy
2022-03-30 09:33:47,Koramangala,Sunny
2022-11-20 23:07:11,Koramangala,Cloudy
2021-08-01 17:05:29,HSR Layout,Sunny
2023-02-01 19:28:37,Whitefield,Sunny
2022-06-25 20:22:01,Koramangala,Rainy
2021-09-24 22:03:19,MG Road,Cloudy
2022-12-19 17:27:32,MG Road,Rainy
2021-01-07 01:35:05,Whitefield,Sunny
2023-04-02 13:19:23,Indiranagar,Foggy
2023-04-23 10:19:57,MG Road,Cloudy
2021-04-27 14:33:21,HSR Layout,Foggy
2022-04-11 02:38:18,Whitefield,Sunny
2021-07-12 10:04:50,Koramangala,Sunny
2023-11-15 00:21:23,MG Road,Sunny
2022-07-21 15:29:55,Whitefield,Cloudy
2021-02-24 22:32:02,Whitefield,Rainy
2021-09-30 14:57:00,Indiranagar,Rainy
2023-07-18 01:55:08,Koramangala,Foggy
2022-05-15 08:51:42,Koramangala,Cloudy
2023-05-27 17:59:39,Koramangala,Foggy
2023-01-01 07:55:15,HSR Layout,Foggy
2023-12-17 18:06:15,Whitefield,Rainy
2022-10-14 10:11:45,HSR Layout,Cloudy
2023-11-06 08:14:23,HSR Layout,Sunny
2023-09-03 05:16:44,Whitefield,Foggy
2022-11-02 05:47:57,Koramangala,Sunny
2023-02-26 21:15:25,Whitefield,Cloudy
2022-07-07 05:27:19,Indiranagar,Foggy
2023-06-28 15:25:26,Whitefield,Sunny
2022-08-23 08:55:33,Whitefield,Sunny
2023-09-09 13:05:45,MG Road,Rainy
2023-03-25 13:25:02,Indiranagar,Cloudy
2022-06-04 07:03:07,MG Road,Cloudy
2021-10-11 13:19:59,Koramangala,Cloudy
2021-09-28 11:31:35,Koramangala,Foggy
2022-11-29 14:26:19,Indiranagar,Rainy
2023-04-18 19:12:14,HSR Layout,Foggy
2022-07-25 07:14:52,Whitefield,Cloudy
2022-11-17 15:54:25,MG Road,Foggy
2021-10-28 09:49:50,Indiranagar,Sunny
2021-03-26 18:24:10,MG Road,Foggy
2021-11-09 14:04:41,Whitefield,Foggy
2021-10-25 06:09:06,HSR Layout,Cloudy
2021-12-16 18:17:39,MG Road,Sunny
2022-08-14 22:14:12,Indiranagar,Cloudy
2021-06-01 09:08:57,Whitefield,Sunny
2021-09-11 00:00:05,Whitefield,Sunny
2023-01-30 04:20:46,HSR Layout,Sunny
2023-02-12 19:44:27,Indiranagar,Cloudy
2021-03-12 06:23:33,Whitefield,Sunny
2022-03-22 21:55:44,MG Road,Rainy
2022-08-17 14:47:53,Koramangala,Rainy
2022-03-31 20:34:05,Indiranagar,Rainy
2021-08-15 06:38:37,MG Road,Rainy
2022-04-05 15:17:17,HSR Layout,Cloudy
2023-09-17 21:26:20,HSR Layout,Foggy
2022-10-01 23:35:20,Whitefield,Foggy
2023-01-31 21:39:05,HSR Layout,Rainy
2023-07-27 06:21:22,Koramangala,Foggy
2023-04-18 13:27:04,MG Road,Rainy
2022-02-21 03:17:03,Indiranagar,Rainy
2021-01-07 10:48:27,Whitefield,Foggy
2022-01-20 19:46:44,Indiranagar,Foggy
2023-04-05 07:14:34,MG Road,Sunny
2023-07-23 16:07:45,Koramangala,Rainy
2023-11-10 01:16:01,MG Road,Foggy
2022-04-04 09:49:22,MG Road,Foggy
2023-03-29 18:46:17,Whitefield,Foggy
2022-08-21 11:14:59,Indiranagar,Sunny
2022-10-22 22:59:59,MG Road,Rainy
2021-08-30 06:27:50,MG Road,Rainy
2021-08-29 01:08:03,Koramangala,Cloudy
2022-04-22 19:18:33,HSR Layout,Sunny
2021-02-01 18:04:32,Koramangala,Sunny
2022-01-03 17:25:02,Indiranagar,Rainy
2023-01-13 23:32:57,Indiranagar,Cloudy
2022-03-19 07:44:18,Whitefield,Cloudy
2021-06-30 13:24:52,HSR Layout,Rainy
2022-05-27 07:47:44,Indiranagar,Foggy
2021-05-20 14:59:43,HSR Layout,Sunny
2022-11-12 17:58:43,Koramangala,Cloudy
2021-01-30 12:01:52,Indiranagar,Foggy
2022-03-08 01:23:45,MG Road,Cloudy
2022-09-10 10:40:33,Indiranagar,Foggy
2021-01-30 15:35:28,HSR Layout,Foggy
2022-12-05 04:02:05,Indiranagar,Sunny
2021-05-29 10:55:32,Whitefield,Cloudy
2022-05-21 02:21:15,MG Road,Cloudy
2021-02-25 00:16:24,Whitefield,Foggy
2022-02-19 17:45:03,Koramangala,Rainy
2021-08-20 13:21:08,Indiranagar,Cloudy
2021-12-24 13:39:48,Indiranagar,Sunny
2023-04-13 18:50:49,Koramangala,Rainy
2022-02-19 18:20:16,Whitefield,Cloudy
2023-04-03 16:46:11,MG Road,Sunny
2023-06-30 03:00:14,Whitefield,Rainy
2021-10-03 23:38:28,HSR Layout,Cloudy
2021-03-31 14:31:48,Whitefield,Sunny
2021-01-22 04:55:39,MG Road,Rainy
2022-08-14 02:59:11,Indiranagar,Cloudy
2023-12-30 21:34:47,Whitefield,Rainy
2022-01-18 20:33:31,Koramangala,Foggy
2022-12-13 06:10:59,MG Road,Foggy
2023-05-05 16:03:17,Indiranagar,Rainy
2022-12-15 00:28:12,MG Road,Foggy
2023-04-06 03:08:49,Koramangala,Foggy
2023-11-05 21:00:20,HSR Layout,Rainy
2021-08-07 02:24:50,MG Road,Foggy
2021-01-23 07:05:51,MG Road,Rainy
2021-06-16 16:57:03,Whitefield,Rainy
2021-05-19 02:03:28,Koramangala,Foggy
2023-01-03 09:18:41,Koramangala,Cloudy
2022-09-09 23:35:07,HSR Layout,Rainy
2021-08-27 10:52:37,Koramangala,Rainy
2023-02-05 05:09:08,MG Road,Cloudy
2023-04-19 23:40:35,HSR Layout,Foggy
2021-07-03 13:28:18,Koramangala,Sunny
2022-10-27 07:53:24,HSR Layout,Cloudy
2023-03-30 05:32:09,Koramangala,Sunny
2021-05-06 07:10:30,Koramangala,Foggy
2023-06-16 07:34:17,Whitefield,Rainy
2023-11-22 09:42:31,Koramangala,Rainy
2021-04-29 06:14:26,HSR Layout,Foggy
2021-01-29 02:12:45,MG Road,Foggy
2021-12-08 06:44:57,Whitefield,Foggy
2023-01-12 00:25:49,Koramangala,Foggy
2023-11-15 05:47:09,Koramangala,Foggy
2022-03-10 22:33:32,HSR Layout,Foggy
2023-02-22 05:25:33,Whitefield,Foggy
2021-03-25 03:21:48,Koramangala,Rainy
2023-01-26 12:46:19,MG Road,Sunny
2022-11-18 04:52:34,MG Road,Sunny
2021-04-22 11:31:14,Koramangala,Rainy
2023-04-26 02:15:29,MG Road,Cloudy
2023-07-20 05:17:57,Whitefield,Sunny
2022-10-19 20:24:26,Koramangala,Cloudy
2021-05-13 10:25:18,HSR Layout,Rainy
2023-12-13 07:49:02,Whitefield,Cloudy
2023-05-07 04:52:25,MG Road,Rainy
2022-01-15 20:10:55,Koramangala,Foggy
2022-04-14 15:29:35,Whitefield,Foggy
2022-02-10 09:42:32,MG Road,Sunny
2022-07-08 12:30:23,Koramangala,Sunny
2022-01-09 07:21:56,Indiranagar,Cloudy
2023-07-19 10:27:27,HSR Layout,Cloudy
2023-06-19 15:07:14,MG Road,Sunny
2021-04-26 11:01:42,MG Road,Foggy
2023-11-18 02:26:18,Indiranagar,Rainy
2022-11-27 07:55:21,Indiranagar,Foggy
2023-06-26 14:32:20,Whitefield,Sunny
2023-02-13 19:05:44,HSR Layout,Rainy
2022-04-22 10:09:01,HSR Layout,Cloudy
2023-03-14 18:31:46,MG Road,Sunny
2023-11-23 05:28:41,Indiranagar,Foggy
2021-10-23 11:17:00,HSR Layout,Cloudy
2023-06-04 04:04:43,Koramangala,Cloudy
2022-08-12 18:16:04,HSR Layout,Sunny
2022-06-13 22:42:37,MG Road,Foggy
2022-04-22 12:26:37,HSR Layout,Sunny
2023-03-11 17:49:27,Whitefield,Rainy
2021-10-21 14:59:35,Indiranagar,Rainy
2023-07-21 18:34:50,MG Road,Cloudy
2023-06-28 19:40:25,MG Road,Foggy
2021-04-05 19:25:15,Indiranagar,Rainy
2023-08-23 12:06:30,Indiranagar,Rainy
