timestamp,source_address,destination_address,number_of_cabs,base_price,adjusted_price,day_of_week,is_working_day,is_holiday,month,weather_condition
2022-12-01 12:47:24,Koramangala,Indiranagar,34,256.97,334.06,Thursday,1,0,12,Rainy
2021-01-28 08:40:56,Indiranagar,MG Road,24,262.71,512.28,Thursday,1,0,1,Rainy
2021-10-28 21:10:11,HSR Layout,Indiranagar,26,261.09,339.42,Thursday,1,0,10,Rainy
2021-09-02 04:37:16,HSR Layout,Indiranagar,21,214.01,278.21,Thursday,1,0,9,Foggy
2023-03-17 16:47:17,Indiranagar,MG Road,42,206.46,268.4,Friday,1,0,3,Rainy
2023-01-11 07:25:18,Whitefield,MG Road,18,219.37,427.77,Wednesday,1,0,1,Foggy
2023-09-04 01:04:00,MG Road,Whitefield,16,133.68,133.68,Monday,1,0,9,Cloudy
2021-04-06 02:39:57,Indiranagar,HSR Layout,8,295.8,384.54,Tuesday,1,0,4,Foggy
2022-04-07 13:58:45,Whitefield,Koramangala,2,158.53,206.09,Thursday,1,0,4,Foggy
2021-02-02 14:21:20,Koramangala,MG Road,48,214.55,278.92,Tuesday,1,0,2,Rainy
2021-08-28 04:33:31,Indiranagar,Koramangala,12,290.48,453.15,Saturday,0,1,8,Rainy
2022-07-07 20:36:30,Koramangala,Whitefield,32,202.88,202.88,Thursday,1,0,7,Sunny
2021-01-30 00:43:42,Whitefield,HSR Layout,34,280.03,436.85,Saturday,0,1,1,Foggy
2021-08-06 12:40:52,Whitefield,HSR Layout,25,263.04,263.04,Friday,1,0,8,Cloudy
2022-12-12 23:21:56,Whitefield,HSR Layout,36,127.12,127.12,Monday,1,0,12,Sunny
2022-08-20 03:59:00,Whitefield,Whitefield,8,250.02,300.02,Saturday,0,1,8,Sunny
2021-08-30 03:53:20,HSR Layout,Indiranagar,17,182.32,182.32,Monday,1,0,8,Sunny
2022-10-07 15:45:35,Whitefield,HSR Layout,50,111.86,145.42,Friday,1,0,10,Rainy
2023-06-05 12:24:21,HSR Layout,HSR Layout,17,155.46,202.1,Monday,1,0,6,Rainy
2021-01-08 02:37:53,MG Road,Whitefield,46,231.18,300.53,Friday,1,0,1,Rainy
2023-06-01 13:35:24,HSR Layout,Indiranagar,29,240.29,240.29,Thursday,1,0,6,Cloudy
2023-02-03 18:20:52,Koramangala,HSR Layout,14,126.54,246.75,Friday,1,0,2,Foggy
2022-01-08 05:37:03,MG Road,HSR Layout,40,129.25,155.1,Saturday,0,1,1,Sunny
2021-06-20 02:16:11,Koramangala,Indiranagar,19,164.42,256.5,Sunday,0,1,6,Rainy
2023-11-14 04:35:11,Indiranagar,MG Road,45,149.51,194.36,Tuesday,1,0,11,Foggy
2022-01-04 05:37:34,Indiranagar,MG Road,32,268.71,268.71,Tuesday,1,0,1,Sunny
2021-04-12 11:08:05,HSR Layout,HSR Layout,13,178.54,232.1,Monday,1,0,4,Foggy
2021-04-16 19:23:06,Koramangala,Koramangala,8,128.43,192.65,Friday,1,0,4,Sunny
2023-07-17 03:48:43,Indiranagar,Indiranagar,9,226.48,294.42,Monday,1,0,7,Foggy
2022-10-23 11:25:50,Indiranagar,Indiranagar,5,225.56,351.87,Sunday,0,1,10,Rainy
2023-06-02 23:57:35,Indiranagar,Koramangala,29,175.03,227.54,Friday,1,0,6,Foggy
2023-03-10 07:50:16,MG Road,Indiranagar,12,115.1,224.44,Friday,1,0,3,Foggy
2022-08-10 15:12:17,MG Road,Whitefield,46,258.92,258.92,Wednesday,1,0,8,Sunny
2023-12-01 14:07:38,Whitefield,Indiranagar,29,253.78,329.91,Friday,1,0,12,Foggy
2022-02-19 02:47:54,Koramangala,Indiranagar,6,180.57,216.68,Saturday,0,1,2,Cloudy
2022-08-27 22:22:43,Indiranagar,Indiranagar,44,249.96,299.95,Saturday,0,1,8,Sunny
2023-06-27 08:50:55,Koramangala,MG Road,21,238.94,465.93,Tuesday,1,0,6,Foggy
2022-11-08 15:51:16,Whitefield,Whitefield,43,275.46,275.46,Tuesday,1,0,11,Cloudy
2023-08-01 16:58:34,HSR Layout,Indiranagar,23,190.94,190.94,Tuesday,1,0,8,Sunny
2022-09-24 14:57:28,Whitefield,Whitefield,46,197.61,308.27,Saturday,0,1,9,Rainy
2023-02-10 19:14:17,Indiranagar,Whitefield,5,216.39,324.58,Friday,1,0,2,Sunny
2021-02-20 03:09:54,HSR Layout,Whitefield,36,273.78,328.54,Saturday,0,1,2,Sunny
2021-09-07 07:41:49,HSR Layout,Koramangala,35,269.43,525.39,Tuesday,1,0,9,Foggy
2021-11-13 14:10:13,Whitefield,Indiranagar,19,118.63,142.36,Saturday,0,1,11,Cloudy
2021-03-29 07:01:05,Indiranagar,MG Road,20,294.43,441.64,Monday,1,0,3,Sunny
2021-09-12 16:09:27,HSR Layout,MG Road,11,226.97,272.36,Sunday,0,1,9,Sunny
2021-04-21 11:53:36,Whitefield,MG Road,46,239.46,239.46,Wednesday,1,0,4,Sunny
2021-11-01 02:28:29,Whitefield,MG Road,46,270.02,351.03,Monday,1,0,11,Foggy
2022-11-27 10:31:50,Indiranagar,Indiranagar,45,259.14,310.97,Sunday,0,1,11,Sunny
2022-02-04 03:02:01,Whitefield,MG Road,41,179.54,179.54,Friday,1,0,2,Cloudy
2022-02-09 23:28:17,Whitefield,Whitefield,12,293.63,381.72,Wednesday,1,0,2,Foggy
2021-08-18 04:48:59,Whitefield,Koramangala,24,264.97,344.46,Wednesday,1,0,8,Rainy
2021-10-20 01:46:10,Koramangala,HSR Layout,33,198.94,258.62,Wednesday,1,0,10,Rainy
2023-10-22 16:48:10,MG Road,MG Road,15,164.57,256.73,Sunday,0,1,10,Foggy
2022-12-10 22:49:01,Koramangala,HSR Layout,8,156.72,188.06,Saturday,0,1,12,Cloudy
2022-10-29 09:20:37,Whitefield,HSR Layout,13,209.46,326.76,Saturday,0,1,10,Foggy
2021-07-07 05:24:58,MG Road,HSR Layout,9,126.12,163.96,Wednesday,1,0,7,Foggy
2023-03-09 15:57:11,HSR Layout,Whitefield,16,270.48,351.62,Thursday,1,0,3,Foggy
2021-06-28 18:17:45,Koramangala,MG Road,32,257.66,502.44,Monday,1,0,6,Foggy
2022-02-20 02:58:55,Koramangala,Indiranagar,2,278.83,334.6,Sunday,0,1,2,Sunny
2023-12-19 12:55:30,Koramangala,Whitefield,24,252.45,328.19,Tuesday,1,0,12,Rainy
2022-12-02 03:50:01,Indiranagar,Indiranagar,36,109.19,109.19,Friday,1,0,12,Cloudy
2022-09-02 07:16:20,Whitefield,MG Road,37,225.24,337.86,Friday,1,0,9,Sunny
2023-01-19 23:13:54,HSR Layout,Whitefield,24,267.34,347.54,Thursday,1,0,1,Rainy
2023-07-12 01:55:12,HSR Layout,HSR Layout,30,103.26,134.24,Wednesday,1,0,7,Foggy
2023-04-29 22:39:13,HSR Layout,Whitefield,36,285.89,445.99,Saturday,0,1,4,Rainy
2021-09-08 13:53:10,Whitefield,Whitefield,9,131.6,171.08,Wednesday,1,0,9,Rainy
2021-02-05 02:49:26,MG Road,MG Road,40,191.3,191.3,Friday,1,0,2,Sunny
2021-12-12 02:32:06,Koramangala,HSR Layout,6,298.37,358.04,Sunday,0,1,12,Sunny
2021-10-20 21:48:15,Whitefield,HSR Layout,5,185.56,185.56,Wednesday,1,0,10,Cloudy
2021-08-19 19:33:55,Koramangala,Koramangala,20,299.14,583.32,Thursday,1,0,8,Foggy
2023-10-29 13:02:14,Whitefield,Koramangala,26,281.88,439.73,Sunday,0,1,10,Foggy
2023-08-17 17:54:30,Koramangala,Indiranagar,46,276.43,539.04,Thursday,1,0,8,Foggy
2021-12-11 06:10:56,Whitefield,Koramangala,47,160.37,250.18,Saturday,0,1,12,Rainy
2022-12-19 01:11:51,MG Road,MG Road,31,274.88,357.34,Monday,1,0,12,Rainy
2022-03-09 19:42:40,HSR Layout,Whitefield,34,275.32,536.87,Wednesday,1,0,3,Foggy
2023-09-28 12:21:41,Koramangala,HSR Layout,27,118.67,118.67,Thursday,1,0,9,Cloudy
2022-05-17 23:36:51,Whitefield,Whitefield,50,172.09,223.72,Tuesday,1,0,5,Rainy
2021-10-17 18:41:37,MG Road,MG Road,27,116.48,139.78,Sunday,0,1,10,Cloudy
2021-09-27 19:27:06,MG Road,Whitefield,37,232.9,454.16,Monday,1,0,9,Rainy
2022-09-07 03:16:54,HSR Layout,HSR Layout,5,229.78,229.78,Wednesday,1,0,9,Sunny
2021-10-15 10:32:37,Whitefield,Koramangala,9,110.36,110.36,Friday,1,0,10,Sunny
2022-10-02 12:53:23,Koramangala,Indiranagar,21,225.12,351.19,Sunday,0,1,10,Foggy
2023-09-10 05:14:15,Indiranagar,HSR Layout,42,245.2,294.24,Sunday,0,1,9,Sunny
2022-03-13 22:39:34,MG Road,HSR Layout,5,251.05,391.64,Sunday,0,1,3,Rainy
2021-08-28 22:29:09,MG Road,HSR Layout,29,185.85,289.93,Saturday,0,1,8,Rainy
2023-12-28 07:20:50,HSR Layout,HSR Layout,30,118.24,177.36,Thursday,1,0,12,Sunny
2022-07-12 10:07:20,Whitefield,MG Road,44,119.04,119.04,Tuesday,1,0,7,Sunny
2021-04-10 10:55:03,Indiranagar,HSR Layout,34,142.68,171.22,Saturday,0,1,4,Sunny
2021-02-21 13:05:15,Indiranagar,Whitefield,23,115.59,180.32,Sunday,0,1,2,Foggy
2021-04-30 22:56:51,Indiranagar,MG Road,9,218.74,218.74,Friday,1,0,4,Sunny
2022-11-18 10:13:23,Whitefield,Koramangala,50,203.89,265.06,Friday,1,0,11,Rainy
2023-05-17 12:50:08,Koramangala,Whitefield,36,189.01,189.01,Wednesday,1,0,5,Sunny
2022-04-07 20:13:55,MG Road,Whitefield,41,101.61,132.09,Thursday,1,0,4,Foggy
2021-03-11 11:59:00,Whitefield,Whitefield,38,168.71,219.32,Thursday,1,0,3,Foggy
2022-02-22 11:47:45,Indiranagar,Whitefield,12,124.12,161.36,Tuesday,1,0,2,Rainy
2023-12-26 18:09:46,MG Road,MG Road,50,272.07,530.54,Tuesday,1,0,12,Rainy
2022-08-02 20:25:34,MG Road,Koramangala,9,238.81,238.81,Tuesday,1,0,8,Sunny
2023-11-29 08:38:01,Indiranagar,Koramangala,28,195.54,381.3,Wednesday,1,0,11,Rainy
2023-07-31 16:37:54,Indiranagar,HSR Layout,33,145.79,145.79,Monday,1,0,7,Cloudy
2021-01-13 13:26:44,MG Road,Indiranagar,4,117.87,153.23,Wednesday,1,0,1,Rainy
2023-02-28 11:16:19,HSR Layout,MG Road,8,261.19,261.19,Tuesday,1,0,2,Cloudy
2023-01-16 18:59:14,MG Road,Koramangala,34,120.64,180.96,Monday,1,0,1,Cloudy
2022-08-11 10:41:34,Koramangala,MG Road,10,173.51,225.56,Thursday,1,0,8,Rainy
2021-10-19 21:45:43,Koramangala,MG Road,20,159.85,159.85,Tuesday,1,0,10,Cloudy
2022-12-03 05:05:34,HSR Layout,HSR Layout,11,176.54,275.4,Saturday,0,1,12,Rainy
2021-05-03 00:54:49,Whitefield,Koramangala,11,262.67,341.47,Monday,1,0,5,Rainy
2022-04-21 15:11:47,MG Road,Indiranagar,21,274.9,357.37,Thursday,1,0,4,Foggy
2022-05-12 08:58:10,Koramangala,Indiranagar,46,228.32,342.48,Thursday,1,0,5,Cloudy
2023-11-10 11:23:27,MG Road,Indiranagar,15,235.43,235.43,Friday,1,0,11,Cloudy
2023-08-17 04:23:41,HSR Layout,Whitefield,23,113.68,113.68,Thursday,1,0,8,Sunny
2021-10-16 03:32:34,Indiranagar,Koramangala,34,212.66,331.75,Saturday,0,1,10,Rainy
2022-07-02 15:23:20,HSR Layout,Whitefield,19,222.06,346.41,Saturday,0,1,7,Foggy
2021-07-15 10:41:01,HSR Layout,Whitefield,6,132.82,172.67,Thursday,1,0,7,Foggy
2023-09-26 09:57:23,HSR Layout,Whitefield,17,170.24,255.36,Tuesday,1,0,9,Sunny
2023-08-11 08:20:08,Koramangala,HSR Layout,13,142.61,213.92,Friday,1,0,8,Cloudy
2021-11-23 11:57:59,HSR Layout,HSR Layout,41,249.65,324.55,Tuesday,1,0,11,Foggy
2022-12-01 00:15:28,Indiranagar,MG Road,36,283.98,283.98,Thursday,1,0,12,Cloudy
2022-10-29 05:07:18,Indiranagar,MG Road,18,223.22,348.22,Saturday,0,1,10,Foggy
2021-06-17 04:56:52,Indiranagar,Koramangala,9,188.48,245.02,Thursday,1,0,6,Foggy
2023-04-15 04:29:00,Whitefield,Koramangala,41,143.45,223.78,Saturday,0,1,4,Rainy
2022-08-14 01:56:08,HSR Layout,HSR Layout,20,279.32,335.18,Sunday,0,1,8,Cloudy
2023-05-02 19:37:00,Indiranagar,MG Road,40,128.0,249.6,Tuesday,1,0,5,Foggy
2022-08-04 04:57:57,Whitefield,MG Road,35,124.63,162.02,Thursday,1,0,8,Rainy
2021-01-01 15:00:56,HSR Layout,Whitefield,6,246.0,319.8,Friday,1,0,1,Foggy
2021-12-21 15:02:29,HSR Layout,Indiranagar,33,170.31,221.4,Tuesday,1,0,12,Rainy
2021-01-22 07:22:52,MG Road,Indiranagar,42,185.88,362.47,Friday,1,0,1,Rainy
2023-10-14 10:24:47,HSR Layout,Indiranagar,11,258.22,309.86,Saturday,0,1,10,Cloudy
2023-08-20 07:43:17,MG Road,HSR Layout,38,149.56,233.31,Sunday,0,1,8,Rainy
2023-06-29 20:12:36,Koramangala,Indiranagar,38,228.92,297.6,Thursday,1,0,6,Foggy
2021-12-03 10:05:27,Koramangala,Indiranagar,10,149.63,149.63,Friday,1,0,12,Sunny
2021-03-05 08:52:59,Whitefield,Whitefield,11,220.2,429.39,Friday,1,0,3,Foggy
2023-08-19 13:01:12,MG Road,Koramangala,43,244.24,381.01,Saturday,0,1,8,Foggy
2023-11-02 23:06:16,Koramangala,HSR Layout,40,156.98,204.07,Thursday,1,0,11,Rainy
2021-04-04 16:55:01,Koramangala,MG Road,47,288.26,449.69,Sunday,0,1,4,Foggy
2022-06-16 16:09:56,Koramangala,Whitefield,39,105.36,136.97,Thursday,1,0,6,Rainy
2021-03-17 17:14:37,HSR Layout,Indiranagar,22,269.41,404.12,Wednesday,1,0,3,Cloudy
2023-04-13 02:22:13,MG Road,MG Road,37,275.17,357.72,Thursday,1,0,4,Rainy
2023-04-18 19:44:55,Koramangala,Whitefield,3,141.09,211.63,Tuesday,1,0,4,Cloudy
2021-05-21 11:02:46,MG Road,HSR Layout,2,221.39,221.39,Friday,1,0,5,Sunny
2022-06-04 23:00:50,Indiranagar,Indiranagar,6,137.73,214.86,Saturday,0,1,6,Foggy
2022-08-25 11:38:35,Indiranagar,HSR Layout,3,178.35,178.35,Thursday,1,0,8,Cloudy
2021-10-17 23:19:36,HSR Layout,Whitefield,42,229.23,275.08,Sunday,0,1,10,Sunny
2023-08-13 10:36:06,Indiranagar,MG Road,50,256.76,400.55,Sunday,0,1,8,Rainy
2022-04-08 21:54:35,Whitefield,Koramangala,37,258.76,258.76,Friday,1,0,4,Sunny
2021-08-20 16:58:25,MG Road,Indiranagar,17,147.87,147.87,Friday,1,0,8,Cloudy
2022-08-13 23:45:29,Koramangala,HSR Layout,42,177.18,276.4,Saturday,0,1,8,Foggy
2023-03-10 13:04:12,Whitefield,MG Road,14,148.22,148.22,Friday,1,0,3,Sunny
2021-08-09 01:25:20,Whitefield,MG Road,50,227.62,227.62,Monday,1,0,8,Sunny
2021-12-08 00:25:22,Indiranagar,Koramangala,37,114.2,148.46,Wednesday,1,0,12,Rainy
2023-12-25 16:38:29,MG Road,Whitefield,27,277.74,361.06,Monday,1,0,12,Rainy
2022-12-12 23:11:53,Koramangala,Koramangala,40,102.41,133.13,Monday,1,0,12,Foggy
2022-04-25 06:45:20,Whitefield,Koramangala,41,172.22,223.89,Monday,1,0,4,Rainy
2022-07-21 05:28:16,HSR Layout,Whitefield,2,163.29,163.29,Thursday,1,0,7,Cloudy
2021-05-13 09:05:10,Koramangala,Whitefield,32,177.37,266.06,Thursday,1,0,5,Cloudy
2021-09-03 19:39:11,Indiranagar,Whitefield,41,267.79,401.69,Friday,1,0,9,Sunny
2022-01-05 20:46:28,MG Road,MG Road,35,184.17,239.42,Wednesday,1,0,1,Rainy
2022-10-06 14:38:01,HSR Layout,MG Road,19,209.27,272.05,Thursday,1,0,10,Rainy
2021-09-09 17:53:32,Koramangala,Indiranagar,42,134.55,201.83,Thursday,1,0,9,Sunny
2021-08-29 22:01:39,Koramangala,Indiranagar,20,194.2,302.95,Sunday,0,1,8,Foggy
2021-03-19 15:59:40,Whitefield,Koramangala,31,297.47,386.71,Friday,1,0,3,Rainy
2022-11-22 10:14:21,Koramangala,Koramangala,16,114.6,148.98,Tuesday,1,0,11,Rainy
2021-09-08 11:05:43,MG Road,Indiranagar,44,217.47,282.71,Wednesday,1,0,9,Foggy
2023-09-18 12:42:28,MG Road,HSR Layout,26,102.76,133.59,Monday,1,0,9,Rainy
2023-07-30 10:35:13,Koramangala,Koramangala,20,143.15,171.78,Sunday,0,1,7,Cloudy
2021-03-19 12:25:50,Whitefield,HSR Layout,30,284.52,284.52,Friday,1,0,3,Cloudy
2021-09-18 09:02:58,HSR Layout,HSR Layout,5,289.74,451.99,Saturday,0,1,9,Foggy
2023-01-02 20:40:49,HSR Layout,Whitefield,45,179.6,233.48,Monday,1,0,1,Foggy
2021-08-23 09:00:05,Whitefield,MG Road,4,157.3,235.95,Monday,1,0,8,Cloudy
2021-05-25 17:58:47,Indiranagar,Indiranagar,11,242.53,363.8,Tuesday,1,0,5,Cloudy
2023-10-21 10:51:42,MG Road,MG Road,29,253.42,304.1,Saturday,0,1,10,Cloudy
2022-09-17 17:18:26,Indiranagar,Indiranagar,27,184.72,221.66,Saturday,0,1,9,Cloudy
2022-06-02 02:27:01,Whitefield,MG Road,31,180.46,234.6,Thursday,1,0,6,Foggy
2023-05-09 08:58:03,Indiranagar,Indiranagar,30,228.11,444.81,Tuesday,1,0,5,Foggy
2023-06-03 09:38:28,Whitefield,MG Road,14,207.53,249.04,Saturday,0,1,6,Sunny
2021-07-28 07:24:09,HSR Layout,Whitefield,22,130.54,254.55,Wednesday,1,0,7,Foggy
2021-04-17 01:00:55,HSR Layout,HSR Layout,39,116.72,140.06,Saturday,0,1,4,Cloudy
2022-04-17 13:40:47,Indiranagar,Indiranagar,10,115.8,180.65,Sunday,0,1,4,Rainy
2022-04-09 09:28:49,Indiranagar,HSR Layout,21,284.18,341.02,Saturday,0,1,4,Cloudy
2022-05-26 22:11:58,MG Road,Indiranagar,46,294.86,294.86,Thursday,1,0,5,Cloudy
2023-03-09 14:36:55,HSR Layout,Indiranagar,21,131.08,170.4,Thursday,1,0,3,Foggy
2023-01-07 15:51:34,MG Road,Whitefield,47,165.35,198.42,Saturday,0,1,1,Sunny
2023-12-13 16:14:30,Indiranagar,MG Road,23,217.29,282.48,Wednesday,1,0,12,Rainy
2021-04-18 16:03:34,Whitefield,Indiranagar,26,252.64,394.12,Sunday,0,1,4,Rainy
2022-03-17 11:13:27,HSR Layout,MG Road,9,229.97,229.97,Thursday,1,0,3,Sunny
2022-01-07 04:43:45,Whitefield,Whitefield,49,228.63,228.63,Friday,1,0,1,Cloudy
2023-08-01 16:04:26,MG Road,Koramangala,24,162.03,210.64,Tuesday,1,0,8,Foggy
2021-09-30 00:43:14,MG Road,HSR Layout,33,187.5,187.5,Thursday,1,0,9,Cloudy
2021-07-28 02:07:30,Koramangala,Indiranagar,36,290.69,377.9,Wednesday,1,0,7,Rainy
2022-05-06 18:47:50,HSR Layout,Whitefield,7,147.73,288.07,Friday,1,0,5,Rainy
2022-04-07 12:55:27,HSR Layout,MG Road,21,148.9,148.9,Thursday,1,0,4,Cloudy
2021-11-01 17:28:52,MG Road,Indiranagar,16,284.93,555.61,Monday,1,0,11,Rainy
2021-10-01 06:55:05,Whitefield,MG Road,30,123.2,160.16,Friday,1,0,10,Foggy
2023-10-08 01:15:41,HSR Layout,Koramangala,8,222.46,347.04,Sunday,0,1,10,Rainy
2022-04-30 18:50:27,MG Road,Indiranagar,18,111.01,173.18,Saturday,0,1,4,Foggy
2023-08-01 07:34:55,Koramangala,HSR Layout,29,233.22,349.83,Tuesday,1,0,8,Cloudy
2022-08-26 01:20:29,Indiranagar,Indiranagar,16,231.61,231.61,Friday,1,0,8,Cloudy
2021-02-25 08:14:49,HSR Layout,HSR Layout,10,135.13,263.5,Thursday,1,0,2,Foggy
2023-12-30 05:09:37,Indiranagar,MG Road,7,102.53,159.95,Saturday,0,1,12,Foggy
2023-07-04 14:44:24,Whitefield,Indiranagar,4,127.44,165.67,Tuesday,1,0,7,Foggy
2023-11-27 01:57:56,Koramangala,Whitefield,19,102.27,132.95,Monday,1,0,11,Rainy
2023-10-11 10:41:29,HSR Layout,Whitefield,25,199.28,199.28,Wednesday,1,0,10,Cloudy
2023-07-18 11:21:18,Indiranagar,Koramangala,40,169.34,220.14,Tuesday,1,0,7,Rainy
2021-07-01 22:39:52,Indiranagar,Whitefield,27,203.44,264.47,Thursday,1,0,7,Rainy
2022-06-16 06:59:36,MG Road,Koramangala,16,264.5,343.85,Thursday,1,0,6,Foggy
2021-08-22 20:08:56,Indiranagar,MG Road,11,151.85,236.89,Sunday,0,1,8,Rainy
2022-03-15 17:42:50,Whitefield,HSR Layout,21,174.37,261.56,Tuesday,1,0,3,Sunny
2021-03-06 03:31:51,Indiranagar,MG Road,37,249.96,299.95,Saturday,0,1,3,Sunny
2022-02-19 14:19:05,Whitefield,HSR Layout,47,274.69,329.63,Saturday,0,1,2,Sunny
2023-12-14 22:16:08,Whitefield,HSR Layout,21,246.59,246.59,Thursday,1,0,12,Sunny
2021-10-18 03:10:17,MG Road,Koramangala,13,123.61,123.61,Monday,1,0,10,Sunny
2023-05-08 18:33:27,Koramangala,Whitefield,49,279.98,545.96,Monday,1,0,5,Foggy
2022-05-13 18:41:58,Whitefield,Whitefield,11,167.0,325.65,Friday,1,0,5,Rainy
2022-04-08 18:29:04,Indiranagar,Koramangala,32,185.86,362.43,Friday,1,0,4,Rainy
2023-11-14 07:19:55,Indiranagar,Koramangala,33,204.77,307.16,Tuesday,1,0,11,Sunny
2023-12-25 23:49:05,Whitefield,MG Road,30,152.59,198.37,Monday,1,0,12,Rainy
2022-09-01 00:15:11,Indiranagar,Koramangala,32,295.01,295.01,Thursday,1,0,9,Sunny
2023-02-25 22:31:39,HSR Layout,Whitefield,20,225.51,351.8,Saturday,0,1,2,Rainy
2021-06-19 08:20:43,MG Road,Koramangala,32,199.23,310.8,Saturday,0,1,6,Foggy
2021-11-21 14:21:38,Indiranagar,Koramangala,2,202.16,242.59,Sunday,0,1,11,Cloudy
2023-11-26 18:25:59,MG Road,HSR Layout,6,111.09,133.31,Sunday,0,1,11,Sunny
2022-09-26 14:57:27,Whitefield,Koramangala,26,271.87,353.43,Monday,1,0,9,Foggy
2022-08-17 03:52:37,Whitefield,MG Road,33,133.38,173.39,Wednesday,1,0,8,Foggy
2023-03-30 06:50:46,Whitefield,Koramangala,30,131.46,131.46,Thursday,1,0,3,Sunny
2021-03-04 12:55:53,MG Road,Indiranagar,16,254.67,254.67,Thursday,1,0,3,Sunny
2022-10-02 02:10:00,Indiranagar,Indiranagar,14,278.85,435.01,Sunday,0,1,10,Foggy
2022-07-05 02:50:22,HSR Layout,HSR Layout,38,234.82,234.82,Tuesday,1,0,7,Sunny
2023-07-22 21:00:48,MG Road,HSR Layout,23,123.07,147.68,Saturday,0,1,7,Sunny
2021-06-22 05:33:13,HSR Layout,Indiranagar,4,248.16,248.16,Tuesday,1,0,6,Cloudy
2023-11-18 02:12:39,Indiranagar,HSR Layout,4,100.51,120.61,Saturday,0,1,11,Cloudy
2021-03-29 15:24:23,Indiranagar,HSR Layout,19,271.74,271.74,Monday,1,0,3,Sunny
2021-07-23 07:01:12,MG Road,Whitefield,32,102.46,199.8,Friday,1,0,7,Foggy
2022-10-13 23:14:30,Koramangala,Whitefield,39,109.2,141.96,Thursday,1,0,10,Rainy
2023-01-09 16:22:50,HSR Layout,Koramangala,42,172.8,172.8,Monday,1,0,1,Sunny
2021-09-15 07:30:48,Whitefield,Indiranagar,44,284.05,426.08,Wednesday,1,0,9,Sunny
2021-05-12 03:44:34,HSR Layout,MG Road,31,135.79,176.53,Wednesday,1,0,5,Rainy
2023-09-01 23:23:01,Indiranagar,Indiranagar,19,292.07,379.69,Friday,1,0,9,Rainy
2021-09-27 08:37:48,Indiranagar,Indiranagar,35,107.07,208.79,Monday,1,0,9,Rainy
2022-10-13 09:41:41,MG Road,Whitefield,1,260.62,390.93,Thursday,1,0,10,Cloudy
2022-11-09 14:28:51,Koramangala,Whitefield,7,242.8,242.8,Wednesday,1,0,11,Cloudy
2022-04-04 15:10:09,Whitefield,HSR Layout,28,231.14,231.14,Monday,1,0,4,Cloudy
2022-10-01 12:53:58,HSR Layout,MG Road,9,144.9,226.04,Saturday,0,1,10,Foggy
2022-07-26 22:10:58,Koramangala,Whitefield,17,149.65,149.65,Tuesday,1,0,7,Sunny
2023-10-20 13:38:51,Whitefield,HSR Layout,47,283.17,283.17,Friday,1,0,10,Cloudy
2021-08-12 11:01:46,Indiranagar,MG Road,24,163.99,213.19,Thursday,1,0,8,Foggy
2023-02-23 12:19:54,Indiranagar,Whitefield,49,265.2,344.76,Thursday,1,0,2,Foggy
2021-09-19 02:56:18,MG Road,Indiranagar,26,214.31,334.32,Sunday,0,1,9,Rainy
2022-03-09 23:45:11,MG Road,Indiranagar,24,123.88,161.04,Wednesday,1,0,3,Rainy
2023-01-05 19:53:54,HSR Layout,MG Road,3,234.67,352.0,Thursday,1,0,1,Cloudy
2021-11-25 04:43:23,Koramangala,MG Road,26,110.53,110.53,Thursday,1,0,11,Sunny
2021-12-12 21:32:54,Koramangala,Whitefield,4,144.64,173.57,Sunday,0,1,12,Sunny
2023-04-03 12:57:14,Whitefield,Whitefield,37,203.15,203.15,Monday,1,0,4,Sunny
2021-03-21 08:41:31,HSR Layout,MG Road,36,109.19,170.34,Sunday,0,1,3,Foggy
2022-05-17 08:44:40,MG Road,MG Road,13,180.18,351.35,Tuesday,1,0,5,Foggy
2023-12-29 07:25:11,HSR Layout,HSR Layout,24,275.4,537.03,Friday,1,0,12,Foggy
2023-12-26 17:30:30,Indiranagar,HSR Layout,36,273.21,532.76,Tuesday,1,0,12,Foggy
2021-03-22 03:32:00,MG Road,HSR Layout,19,254.71,254.71,Monday,1,0,3,Sunny
2021-08-22 04:34:46,Koramangala,Indiranagar,5,162.14,194.57,Sunday,0,1,8,Sunny
2021-10-18 03:06:07,MG Road,Indiranagar,25,117.28,152.46,Monday,1,0,10,Rainy
2023-10-18 23:39:29,Indiranagar,HSR Layout,33,191.35,191.35,Wednesday,1,0,10,Sunny
2023-08-22 15:58:11,MG Road,HSR Layout,29,173.78,225.91,Tuesday,1,0,8,Foggy
2023-08-20 22:07:10,Koramangala,MG Road,49,158.32,246.98,Sunday,0,1,8,Foggy
2022-02-09 06:18:11,Indiranagar,Indiranagar,36,256.9,256.9,Wednesday,1,0,2,Cloudy
2021-06-22 13:48:02,Whitefield,HSR Layout,18,247.92,247.92,Tuesday,1,0,6,Sunny
2023-07-02 02:48:27,HSR Layout,Koramangala,40,148.52,178.22,Sunday,0,1,7,Sunny
2023-02-09 16:08:39,Whitefield,Whitefield,44,173.65,225.75,Thursday,1,0,2,Rainy
2022-11-01 04:12:41,Indiranagar,HSR Layout,40,294.37,382.68,Tuesday,1,0,11,Rainy
2023-12-17 00:47:28,Indiranagar,Indiranagar,8,299.56,467.31,Sunday,0,1,12,Foggy
2022-12-17 10:48:07,Indiranagar,HSR Layout,9,255.18,306.22,Saturday,0,1,12,Cloudy
2021-01-09 13:24:12,Koramangala,Koramangala,7,246.49,295.79,Saturday,0,1,1,Sunny
2023-06-13 21:53:10,Indiranagar,MG Road,26,209.31,209.31,Tuesday,1,0,6,Sunny
2021-11-24 12:29:18,HSR Layout,Indiranagar,24,259.19,259.19,Wednesday,1,0,11,Cloudy
2022-12-27 17:56:02,Koramangala,MG Road,22,130.11,195.17,Tuesday,1,0,12,Sunny
2023-10-25 04:32:46,Indiranagar,Whitefield,36,286.48,372.42,Wednesday,1,0,10,Rainy
2021-05-27 21:56:50,Koramangala,MG Road,24,104.78,104.78,Thursday,1,0,5,Cloudy
2021-05-07 06:41:42,HSR Layout,HSR Layout,49,208.31,208.31,Friday,1,0,5,Sunny
2021-04-28 02:20:11,HSR Layout,Koramangala,10,227.19,295.35,Wednesday,1,0,4,Rainy
2022-08-29 05:26:23,Koramangala,MG Road,13,238.69,310.3,Monday,1,0,8,Rainy
2021-10-25 22:46:28,MG Road,Koramangala,39,101.92,132.5,Monday,1,0,10,Foggy
2022-10-24 16:24:42,Whitefield,Indiranagar,33,167.0,167.0,Monday,1,0,10,Sunny
2023-02-25 01:37:32,Indiranagar,Indiranagar,26,251.79,302.15,Saturday,0,1,2,Cloudy
2021-08-11 17:39:03,Whitefield,HSR Layout,33,175.25,341.74,Wednesday,1,0,8,Rainy
2022-11-25 20:33:06,HSR Layout,HSR Layout,3,247.62,321.91,Friday,1,0,11,Rainy
2021-10-16 19:09:40,Whitefield,HSR Layout,3,161.5,251.94,Saturday,0,1,10,Foggy
2022-06-19 10:53:32,MG Road,Koramangala,3,141.04,169.25,Sunday,0,1,6,Cloudy
2023-09-18 10:30:53,Whitefield,Whitefield,9,296.62,385.61,Monday,1,0,9,Foggy
2023-07-15 15:17:56,Whitefield,Whitefield,46,183.96,286.98,Saturday,0,1,7,Rainy
2021-04-11 23:23:18,HSR Layout,Whitefield,22,292.24,350.69,Sunday,0,1,4,Sunny
2022-04-09 09:24:19,HSR Layout,Indiranagar,31,294.51,353.41,Saturday,0,1,4,Cloudy
2021-10-30 16:30:57,Indiranagar,Indiranagar,34,128.47,154.16,Saturday,0,1,10,Sunny
2021-01-04 21:05:44,Koramangala,Whitefield,30,155.97,155.97,Monday,1,0,1,Sunny
2023-04-24 14:30:22,Indiranagar,HSR Layout,10,108.78,141.41,Monday,1,0,4,Foggy
2022-11-29 00:02:55,HSR Layout,MG Road,39,146.29,190.18,Tuesday,1,0,11,Rainy
2021-10-14 13:53:50,Indiranagar,Whitefield,33,269.1,269.1,Thursday,1,0,10,Sunny
2023-03-22 21:45:31,Whitefield,MG Road,9,182.61,182.61,Wednesday,1,0,3,Cloudy
2022-08-27 12:55:16,Whitefield,Whitefield,21,279.12,435.43,Saturday,0,1,8,Foggy
2022-04-13 21:20:51,HSR Layout,MG Road,40,191.69,191.69,Wednesday,1,0,4,Cloudy
2021-01-11 13:53:15,HSR Layout,HSR Layout,21,249.58,249.58,Monday,1,0,1,Sunny
2021-03-24 07:36:10,Indiranagar,Indiranagar,11,216.15,324.23,Wednesday,1,0,3,Cloudy
2023-08-25 02:50:29,Indiranagar,Whitefield,26,201.09,261.42,Friday,1,0,8,Foggy
2023-09-16 21:32:54,Whitefield,Whitefield,40,227.44,354.81,Saturday,0,1,9,Foggy
2022-08-20 21:01:07,Koramangala,HSR Layout,48,178.87,279.04,Saturday,0,1,8,Rainy
2023-07-03 01:07:36,Koramangala,Koramangala,20,218.38,218.38,Monday,1,0,7,Cloudy
2022-09-30 06:22:16,HSR Layout,Whitefield,38,112.46,146.2,Friday,1,0,9,Foggy
2021-06-12 00:21:01,Indiranagar,MG Road,22,232.49,362.68,Saturday,0,1,6,Foggy
2021-05-20 10:12:34,Koramangala,HSR Layout,33,126.14,163.98,Thursday,1,0,5,Rainy
2021-12-04 05:37:52,Indiranagar,Koramangala,33,158.34,247.01,Saturday,0,1,12,Foggy
2023-09-11 11:39:28,MG Road,Whitefield,35,270.18,270.18,Monday,1,0,9,Sunny
2023-05-21 22:59:14,Whitefield,Whitefield,32,285.21,342.25,Sunday,0,1,5,Cloudy
2023-07-31 14:36:25,Indiranagar,Indiranagar,46,178.59,232.17,Monday,1,0,7,Rainy
2023-09-11 10:09:54,Indiranagar,Koramangala,37,266.38,266.38,Monday,1,0,9,Sunny
2021-08-18 19:46:10,Indiranagar,HSR Layout,20,165.25,247.88,Wednesday,1,0,8,Sunny
2021-09-30 23:39:10,Koramangala,MG Road,31,190.55,190.55,Thursday,1,0,9,Cloudy
2021-04-23 10:56:57,Indiranagar,Whitefield,2,146.72,190.74,Friday,1,0,4,Rainy
2023-05-04 10:43:55,MG Road,HSR Layout,24,288.71,375.32,Thursday,1,0,5,Foggy
2023-08-26 05:50:26,Koramangala,Indiranagar,22,127.22,198.46,Saturday,0,1,8,Rainy
2022-03-21 13:50:41,HSR Layout,Whitefield,44,254.03,330.24,Monday,1,0,3,Foggy
2022-11-11 00:05:18,HSR Layout,Koramangala,8,121.79,121.79,Friday,1,0,11,Cloudy
2021-06-19 01:57:08,Whitefield,HSR Layout,27,121.13,145.36,Saturday,0,1,6,Cloudy
2023-10-15 06:57:21,MG Road,MG Road,38,189.91,227.89,Sunday,0,1,10,Sunny
2023-08-04 21:05:13,Indiranagar,Indiranagar,20,162.81,162.81,Friday,1,0,8,Sunny
2023-12-04 23:15:56,MG Road,HSR Layout,47,124.15,124.15,Monday,1,0,12,Sunny
2023-06-06 23:37:20,HSR Layout,Whitefield,45,171.66,171.66,Tuesday,1,0,6,Cloudy
2023-08-23 06:27:49,Indiranagar,MG Road,41,254.07,330.29,Wednesday,1,0,8,Foggy
2021-01-28 02:47:26,MG Road,Whitefield,2,190.38,190.38,Thursday,1,0,1,Cloudy
2023-03-17 19:14:12,Koramangala,Whitefield,39,192.67,289.0,Friday,1,0,3,Cloudy
2021-12-30 09:51:41,Indiranagar,Koramangala,31,270.5,405.75,Thursday,1,0,12,Sunny
2023-10-16 07:30:06,Koramangala,Koramangala,17,118.08,230.26,Monday,1,0,10,Rainy
2023-05-28 15:29:08,MG Road,Whitefield,42,261.52,313.82,Sunday,0,1,5,Sunny
2023-08-04 06:51:54,Indiranagar,Indiranagar,50,160.84,209.09,Friday,1,0,8,Rainy
2023-06-06 23:02:02,Whitefield,Koramangala,38,240.94,313.22,Tuesday,1,0,6,Foggy
2021-10-19 21:15:02,Whitefield,Koramangala,37,220.66,286.86,Tuesday,1,0,10,Foggy
2023-05-12 09:18:18,HSR Layout,Koramangala,15,143.0,278.85,Friday,1,0,5,Foggy
2021-04-29 06:09:31,Indiranagar,Koramangala,47,271.31,271.31,Thursday,1,0,4,Sunny
2023-08-13 03:36:39,MG Road,MG Road,4,129.66,155.59,Sunday,0,1,8,Sunny
2023-07-29 07:13:27,Whitefield,Whitefield,38,242.23,290.68,Saturday,0,1,7,Sunny
2021-09-01 08:13:10,HSR Layout,MG Road,31,293.68,440.52,Wednesday,1,0,9,Cloudy
2023-06-13 08:17:52,Indiranagar,HSR Layout,11,179.25,268.88,Tuesday,1,0,6,Sunny
2022-05-19 13:43:18,Whitefield,HSR Layout,34,109.79,109.79,Thursday,1,0,5,Cloudy
2021-11-30 21:05:29,Indiranagar,HSR Layout,41,159.77,207.7,Tuesday,1,0,11,Foggy
2023-05-21 02:35:29,HSR Layout,MG Road,47,264.02,316.82,Sunday,0,1,5,Sunny
2021-09-06 23:44:49,MG Road,Whitefield,40,134.77,134.77,Monday,1,0,9,Cloudy
2021-01-26 21:20:00,HSR Layout,HSR Layout,50,290.42,377.55,Tuesday,1,0,1,Foggy
2021-07-31 06:48:56,MG Road,Koramangala,25,270.92,422.64,Saturday,0,1,7,Foggy
2021-12-26 02:50:44,Koramangala,HSR Layout,10,211.19,253.43,Sunday,0,1,12,Sunny
2023-08-04 14:27:03,Whitefield,Indiranagar,44,210.02,273.03,Friday,1,0,8,Rainy
2023-11-24 18:38:25,Koramangala,Koramangala,16,118.95,231.95,Friday,1,0,11,Rainy
2021-11-02 08:42:20,MG Road,Koramangala,3,120.38,234.74,Tuesday,1,0,11,Foggy
2022-12-03 18:44:40,Indiranagar,Koramangala,37,258.76,403.67,Saturday,0,1,12,Rainy
2022-03-14 05:57:20,MG Road,HSR Layout,45,124.29,161.58,Monday,1,0,3,Rainy
2023-12-10 09:03:58,MG Road,Koramangala,8,112.33,134.8,Sunday,0,1,12,Cloudy
2022-08-10 14:52:48,Indiranagar,Indiranagar,13,256.19,256.19,Wednesday,1,0,8,Cloudy
2023-10-25 12:36:37,Koramangala,MG Road,2,144.46,144.46,Wednesday,1,0,10,Cloudy
2021-05-07 04:24:46,Whitefield,Indiranagar,29,139.63,181.52,Friday,1,0,5,Foggy
2023-11-28 14:50:18,MG Road,Whitefield,21,180.12,234.16,Tuesday,1,0,11,Rainy
2021-07-15 08:28:35,MG Road,Koramangala,27,237.26,355.89,Thursday,1,0,7,Sunny
2023-11-20 00:18:03,Whitefield,Indiranagar,10,287.51,373.76,Monday,1,0,11,Rainy
2021-10-18 10:05:05,MG Road,HSR Layout,27,116.81,151.85,Monday,1,0,10,Foggy
2021-04-29 14:13:02,Whitefield,Whitefield,45,217.22,217.22,Thursday,1,0,4,Cloudy
2022-04-21 09:54:21,Whitefield,Indiranagar,14,283.49,552.81,Thursday,1,0,4,Foggy
2023-03-09 00:40:44,Whitefield,Koramangala,27,115.0,115.0,Thursday,1,0,3,Cloudy
2021-12-10 03:54:41,Indiranagar,HSR Layout,33,299.43,389.26,Friday,1,0,12,Foggy
2022-10-26 04:37:10,Koramangala,Koramangala,50,139.55,139.55,Wednesday,1,0,10,Sunny
2022-07-14 11:55:25,Koramangala,Whitefield,40,229.2,229.2,Thursday,1,0,7,Cloudy
2022-02-26 09:41:28,HSR Layout,Indiranagar,31,261.86,314.23,Saturday,0,1,2,Cloudy
2022-09-23 18:53:44,Indiranagar,Koramangala,48,118.4,230.88,Friday,1,0,9,Rainy
2021-10-06 15:59:38,HSR Layout,Whitefield,47,269.46,350.3,Wednesday,1,0,10,Foggy
2023-02-15 09:51:59,Koramangala,HSR Layout,4,261.78,510.47,Wednesday,1,0,2,Rainy
2021-01-02 20:24:22,Koramangala,Indiranagar,46,124.51,194.24,Saturday,0,1,1,Foggy
2023-10-10 13:54:05,Koramangala,Indiranagar,9,288.46,288.46,Tuesday,1,0,10,Sunny
2022-08-13 01:35:44,MG Road,Whitefield,34,110.13,171.8,Saturday,0,1,8,Rainy
2023-02-27 01:21:14,HSR Layout,Indiranagar,14,284.83,284.83,Monday,1,0,2,Cloudy
2023-03-23 16:38:28,Indiranagar,HSR Layout,36,186.63,186.63,Thursday,1,0,3,Sunny
2023-01-04 16:01:19,HSR Layout,HSR Layout,21,244.89,318.36,Wednesday,1,0,1,Foggy
2022-02-03 10:59:56,Koramangala,Indiranagar,43,199.23,199.23,Thursday,1,0,2,Cloudy
2021-03-18 13:13:56,Indiranagar,Koramangala,31,176.55,229.52,Thursday,1,0,3,Foggy
2022-12-28 16:13:28,HSR Layout,Koramangala,34,185.33,185.33,Wednesday,1,0,12,Cloudy
2021-12-28 05:43:55,Koramangala,HSR Layout,25,170.79,222.03,Tuesday,1,0,12,Foggy
2021-12-10 10:10:09,Koramangala,Koramangala,21,281.66,281.66,Friday,1,0,12,Cloudy
2023-07-17 17:29:21,Indiranagar,Whitefield,12,155.0,302.25,Monday,1,0,7,Foggy
2023-02-27 09:52:04,Whitefield,MG Road,30,189.2,368.94,Monday,1,0,2,Rainy
2021-11-25 13:15:41,Indiranagar,Indiranagar,35,129.73,129.73,Thursday,1,0,11,Cloudy
2021-12-05 08:34:41,Whitefield,Whitefield,22,222.82,267.38,Sunday,0,1,12,Cloudy
2022-03-23 18:45:51,MG Road,HSR Layout,35,223.4,435.63,Wednesday,1,0,3,Rainy
2022-03-17 05:25:28,Indiranagar,MG Road,23,229.46,298.3,Thursday,1,0,3,Foggy
2021-11-20 10:43:22,Whitefield,HSR Layout,44,199.78,239.74,Saturday,0,1,11,Cloudy
2021-05-20 06:04:06,HSR Layout,MG Road,50,276.56,359.53,Thursday,1,0,5,Rainy
2022-04-05 23:14:20,Koramangala,Whitefield,47,195.81,254.55,Tuesday,1,0,4,Foggy
2023-10-26 18:11:18,MG Road,MG Road,44,117.54,176.31,Thursday,1,0,10,Cloudy
2023-01-11 23:39:35,Indiranagar,Koramangala,42,176.6,176.6,Wednesday,1,0,1,Cloudy
2023-09-15 16:03:44,Whitefield,Whitefield,45,183.85,239.0,Friday,1,0,9,Foggy
2022-11-05 08:57:34,HSR Layout,Indiranagar,17,228.53,356.51,Saturday,0,1,11,Rainy
2021-11-26 05:44:23,Whitefield,HSR Layout,40,259.44,259.44,Friday,1,0,11,Cloudy
2022-08-23 10:38:22,Indiranagar,Koramangala,31,149.83,194.78,Tuesday,1,0,8,Foggy
2021-01-01 10:39:30,Whitefield,Indiranagar,13,298.82,298.82,Friday,1,0,1,Cloudy
2021-11-10 21:12:23,Indiranagar,MG Road,16,208.73,271.35,Wednesday,1,0,11,Foggy
2022-04-16 07:08:35,Whitefield,Koramangala,18,103.91,124.69,Saturday,0,1,4,Cloudy
2022-09-27 12:04:49,Koramangala,Indiranagar,36,176.5,176.5,Tuesday,1,0,9,Sunny
2022-12-18 05:57:03,Indiranagar,Whitefield,20,242.67,378.57,Sunday,0,1,12,Rainy
2022-05-24 16:43:47,Indiranagar,MG Road,15,195.94,254.72,Tuesday,1,0,5,Rainy
2022-04-29 17:20:51,MG Road,Indiranagar,20,256.29,384.44,Friday,1,0,4,Sunny
2021-08-22 18:56:38,Koramangala,MG Road,50,168.81,263.34,Sunday,0,1,8,Foggy
2022-06-02 15:58:35,Indiranagar,Indiranagar,19,213.13,277.07,Thursday,1,0,6,Rainy
2023-09-13 21:24:13,HSR Layout,HSR Layout,46,164.32,213.62,Wednesday,1,0,9,Foggy
2023-05-21 20:25:33,Whitefield,Whitefield,14,154.09,184.91,Sunday,0,1,5,Cloudy
2021-07-05 15:25:02,HSR Layout,Koramangala,45,105.21,105.21,Monday,1,0,7,Sunny
2021-04-03 18:23:29,Whitefield,Indiranagar,46,219.42,342.3,Saturday,0,1,4,Foggy
2022-07-18 21:42:28,Whitefield,MG Road,32,105.86,137.62,Monday,1,0,7,Foggy
2022-11-24 10:29:42,MG Road,Whitefield,21,262.14,340.78,Thursday,1,0,11,Rainy
2022-01-02 16:42:10,Indiranagar,Koramangala,31,156.19,187.43,Sunday,0,1,1,Cloudy
2023-06-15 08:31:35,Whitefield,MG Road,23,261.73,510.37,Thursday,1,0,6,Rainy
2023-04-02 17:52:58,MG Road,Whitefield,36,194.34,233.21,Sunday,0,1,4,Cloudy
2023-01-07 00:55:23,HSR Layout,MG Road,47,171.49,267.52,Saturday,0,1,1,Rainy
2021-09-03 18:09:55,MG Road,Whitefield,18,216.8,422.76,Friday,1,0,9,Foggy
2021-08-06 20:21:19,HSR Layout,Koramangala,19,146.55,190.52,Friday,1,0,8,Foggy
2021-01-27 17:18:46,Indiranagar,Koramangala,8,131.92,197.88,Wednesday,1,0,1,Sunny
2021-09-25 20:35:09,Whitefield,MG Road,37,149.57,233.33,Saturday,0,1,9,Foggy
2022-06-04 19:10:47,Koramangala,Whitefield,44,148.23,231.24,Saturday,0,1,6,Foggy
2023-07-19 14:42:46,HSR Layout,Indiranagar,35,206.74,268.76,Wednesday,1,0,7,Foggy
2021-03-21 16:10:40,Whitefield,Koramangala,25,258.25,402.87,Sunday,0,1,3,Foggy
2022-03-30 09:33:47,Koramangala,Indiranagar,26,247.41,371.12,Wednesday,1,0,3,Sunny
2022-11-20 23:07:11,Koramangala,Indiranagar,23,252.81,303.37,Sunday,0,1,11,Cloudy
2021-08-01 17:05:29,HSR Layout,HSR Layout,50,289.56,347.47,Sunday,0,1,8,Sunny
2023-02-01 19:28:37,Whitefield,MG Road,10,215.14,322.71,Wednesday,1,0,2,Sunny
2022-06-25 20:22:01,Koramangala,MG Road,19,296.53,462.59,Saturday,0,1,6,Rainy
2021-09-24 22:03:19,MG Road,MG Road,3,177.68,177.68,Friday,1,0,9,Cloudy
2022-12-19 17:27:32,MG Road,Whitefield,19,287.04,559.73,Monday,1,0,12,Rainy
2021-01-07 01:35:05,Whitefield,Koramangala,46,298.31,298.31,Thursday,1,0,1,Sunny
2023-04-02 13:19:23,Indiranagar,Koramangala,6,134.74,210.19,Sunday,0,1,4,Foggy
2023-04-23 10:19:57,MG Road,HSR Layout,23,147.31,176.77,Sunday,0,1,4,Cloudy
2021-04-27 14:33:21,HSR Layout,HSR Layout,29,163.6,212.68,Tuesday,1,0,4,Foggy
2022-04-11 02:38:18,Whitefield,HSR Layout,42,247.62,247.62,Monday,1,0,4,Sunny
2021-07-12 10:04:50,Koramangala,Indiranagar,17,171.76,171.76,Monday,1,0,7,Sunny
2023-11-15 00:21:23,MG Road,MG Road,48,218.31,218.31,Wednesday,1,0,11,Sunny
2022-07-21 15:29:55,Whitefield,Whitefield,31,240.69,240.69,Thursday,1,0,7,Cloudy
2021-02-24 22:32:02,Whitefield,Koramangala,14,170.34,221.44,Wednesday,1,0,2,Rainy
2021-09-30 14:57:00,Indiranagar,Whitefield,13,213.53,277.59,Thursday,1,0,9,Rainy
2023-07-18 01:55:08,Koramangala,MG Road,35,128.42,166.95,Tuesday,1,0,7,Foggy
2022-05-15 08:51:42,Koramangala,MG Road,18,289.67,347.6,Sunday,0,1,5,Cloudy
2023-05-27 17:59:39,Koramangala,Koramangala,36,267.34,417.05,Saturday,0,1,5,Foggy
2023-01-01 07:55:15,HSR Layout,Indiranagar,45,262.08,408.84,Sunday,0,1,1,Foggy
2023-12-17 18:06:15,Whitefield,HSR Layout,18,294.08,458.76,Sunday,0,1,12,Rainy
2022-10-14 10:11:45,HSR Layout,Indiranagar,9,208.42,208.42,Friday,1,0,10,Cloudy
2023-11-06 08:14:23,HSR Layout,MG Road,7,135.11,202.67,Monday,1,0,11,Sunny
2023-09-03 05:16:44,Whitefield,MG Road,40,107.59,167.84,Sunday,0,1,9,Foggy
2022-11-02 05:47:57,Koramangala,Indiranagar,48,111.23,111.23,Wednesday,1,0,11,Sunny
2023-02-26 21:15:25,Whitefield,HSR Layout,38,220.33,264.4,Sunday,0,1,2,Cloudy
2022-07-07 05:27:19,Indiranagar,HSR Layout,16,103.99,135.19,Thursday,1,0,7,Foggy
2023-06-28 15:25:26,Whitefield,MG Road,16,195.6,195.6,Wednesday,1,0,6,Sunny
2022-08-23 08:55:33,Whitefield,HSR Layout,4,166.35,249.52,Tuesday,1,0,8,Sunny
2023-09-09 13:05:45,MG Road,HSR Layout,43,222.83,347.61,Saturday,0,1,9,Rainy
2023-03-25 13:25:02,Indiranagar,Koramangala,34,261.29,313.55,Saturday,0,1,3,Cloudy
2022-06-04 07:03:07,MG Road,Koramangala,15,168.15,201.78,Saturday,0,1,6,Cloudy
2021-10-11 13:19:59,Koramangala,Whitefield,41,135.49,135.49,Monday,1,0,10,Cloudy
2021-09-28 11:31:35,Koramangala,Indiranagar,15,260.48,338.62,Tuesday,1,0,9,Foggy
2022-11-29 14:26:19,Indiranagar,MG Road,4,273.64,355.73,Tuesday,1,0,11,Rainy
2023-04-18 19:12:14,HSR Layout,HSR Layout,7,111.91,218.22,Tuesday,1,0,4,Foggy
2022-07-25 07:14:52,Whitefield,Whitefield,27,129.54,194.31,Monday,1,0,7,Cloudy
2022-11-17 15:54:25,MG Road,Koramangala,22,240.94,313.22,Thursday,1,0,11,Foggy
2021-10-28 09:49:50,Indiranagar,HSR Layout,46,128.33,192.5,Thursday,1,0,10,Sunny
2021-03-26 18:24:10,MG Road,Indiranagar,31,122.18,238.25,Friday,1,0,3,Foggy
2021-11-09 14:04:41,Whitefield,Koramangala,7,205.26,266.84,Tuesday,1,0,11,Foggy
2021-10-25 06:09:06,HSR Layout,MG Road,44,172.98,172.98,Monday,1,0,10,Cloudy
2021-12-16 18:17:39,MG Road,HSR Layout,50,114.51,171.77,Thursday,1,0,12,Sunny
2022-08-14 22:14:12,Indiranagar,Whitefield,9,240.91,289.09,Sunday,0,1,8,Cloudy
2021-06-01 09:08:57,Whitefield,MG Road,1,232.43,348.64,Tuesday,1,0,6,Sunny
2021-09-11 00:00:05,Whitefield,HSR Layout,36,217.2,260.64,Saturday,0,1,9,Sunny
2023-01-30 04:20:46,HSR Layout,HSR Layout,11,167.31,167.31,Monday,1,0,1,Sunny
2023-02-12 19:44:27,Indiranagar,HSR Layout,27,164.52,197.42,Sunday,0,1,2,Cloudy
2021-03-12 06:23:33,Whitefield,HSR Layout,42,295.17,295.17,Friday,1,0,3,Sunny
2022-03-22 21:55:44,MG Road,HSR Layout,31,246.47,320.41,Tuesday,1,0,3,Rainy
2022-08-17 14:47:53,Koramangala,MG Road,31,187.37,243.58,Wednesday,1,0,8,Rainy
2022-03-31 20:34:05,Indiranagar,Indiranagar,42,227.85,296.2,Thursday,1,0,3,Rainy
2021-08-15 06:38:37,MG Road,Indiranagar,13,197.44,308.01,Sunday,0,1,8,Rainy
2022-04-05 15:17:17,HSR Layout,MG Road,49,163.46,163.46,Tuesday,1,0,4,Cloudy
2023-09-17 21:26:20,HSR Layout,Indiranagar,19,241.44,376.65,Sunday,0,1,9,Foggy
2022-10-01 23:35:20,Whitefield,Whitefield,21,212.4,331.34,Saturday,0,1,10,Foggy
2023-01-31 21:39:05,HSR Layout,Whitefield,19,277.92,361.3,Tuesday,1,0,1,Rainy
2023-07-27 06:21:22,Koramangala,MG Road,42,222.74,289.56,Thursday,1,0,7,Foggy
2023-04-18 13:27:04,MG Road,Whitefield,4,171.37,222.78,Tuesday,1,0,4,Rainy
2022-02-21 03:17:03,Indiranagar,MG Road,50,233.11,303.04,Monday,1,0,2,Rainy
2021-01-07 10:48:27,Whitefield,Whitefield,6,262.89,341.76,Thursday,1,0,1,Foggy
2022-01-20 19:46:44,Indiranagar,Koramangala,42,175.68,342.58,Thursday,1,0,1,Foggy
2023-04-05 07:14:34,MG Road,MG Road,37,246.8,370.2,Wednesday,1,0,4,Sunny
2023-07-23 16:07:45,Koramangala,HSR Layout,15,158.9,247.88,Sunday,0,1,7,Rainy
2023-11-10 01:16:01,MG Road,Whitefield,35,135.54,176.2,Friday,1,0,11,Foggy
2022-04-04 09:49:22,MG Road,Koramangala,48,100.36,195.7,Monday,1,0,4,Foggy
2023-03-29 18:46:17,Whitefield,MG Road,47,240.4,468.78,Wednesday,1,0,3,Foggy
2022-08-21 11:14:59,Indiranagar,Whitefield,3,214.57,257.48,Sunday,0,1,8,Sunny
2022-10-22 22:59:59,MG Road,HSR Layout,12,270.15,421.43,Saturday,0,1,10,Rainy
2021-08-30 06:27:50,MG Road,Whitefield,27,254.17,330.42,Monday,1,0,8,Rainy
2021-08-29 01:08:03,Koramangala,Koramangala,12,213.5,256.2,Sunday,0,1,8,Cloudy
2022-04-22 19:18:33,HSR Layout,Indiranagar,3,136.42,204.63,Friday,1,0,4,Sunny
2021-02-01 18:04:32,Koramangala,Indiranagar,26,163.64,245.46,Monday,1,0,2,Sunny
2022-01-03 17:25:02,Indiranagar,Koramangala,32,261.76,510.43,Monday,1,0,1,Rainy
2023-01-13 23:32:57,Indiranagar,Koramangala,12,222.28,222.28,Friday,1,0,1,Cloudy
2022-03-19 07:44:18,Whitefield,MG Road,48,227.93,273.52,Saturday,0,1,3,Cloudy
2021-06-30 13:24:52,HSR Layout,Indiranagar,19,120.82,157.07,Wednesday,1,0,6,Rainy
2022-05-27 07:47:44,Indiranagar,MG Road,3,199.24,388.52,Friday,1,0,5,Foggy
2021-05-20 14:59:43,HSR Layout,Whitefield,1,166.23,166.23,Thursday,1,0,5,Sunny
2022-11-12 17:58:43,Koramangala,Koramangala,20,115.56,138.67,Saturday,0,1,11,Cloudy
2021-01-30 12:01:52,Indiranagar,MG Road,37,169.36,264.2,Saturday,0,1,1,Foggy
2022-03-08 01:23:45,MG Road,Koramangala,39,163.9,163.9,Tuesday,1,0,3,Cloudy
2022-09-10 10:40:33,Indiranagar,MG Road,7,227.24,354.49,Saturday,0,1,9,Foggy
2021-01-30 15:35:28,HSR Layout,Whitefield,22,292.62,456.49,Saturday,0,1,1,Foggy
2022-12-05 04:02:05,Indiranagar,Whitefield,19,264.33,264.33,Monday,1,0,12,Sunny
2021-05-29 10:55:32,Whitefield,HSR Layout,30,234.0,280.8,Saturday,0,1,5,Cloudy
2022-05-21 02:21:15,MG Road,Indiranagar,42,245.86,295.03,Saturday,0,1,5,Cloudy
2021-02-25 00:16:24,Whitefield,HSR Layout,35,167.15,217.3,Thursday,1,0,2,Foggy
2022-02-19 17:45:03,Koramangala,Indiranagar,34,102.28,159.56,Saturday,0,1,2,Rainy
2021-08-20 13:21:08,Indiranagar,Whitefield,32,141.94,141.94,Friday,1,0,8,Cloudy
2021-12-24 13:39:48,Indiranagar,MG Road,9,238.64,238.64,Friday,1,0,12,Sunny
2023-04-13 18:50:49,Koramangala,Koramangala,33,170.1,331.69,Thursday,1,0,4,Rainy
2022-02-19 18:20:16,Whitefield,Whitefield,30,257.4,308.88,Saturday,0,1,2,Cloudy
2023-04-03 16:46:11,MG Road,Whitefield,18,244.08,244.08,Monday,1,0,4,Sunny
2023-06-30 03:00:14,Whitefield,MG Road,13,109.63,142.52,Friday,1,0,6,Rainy
2021-10-03 23:38:28,HSR Layout,Whitefield,8,187.64,225.17,Sunday,0,1,10,Cloudy
2021-03-31 14:31:48,Whitefield,Whitefield,22,183.93,183.93,Wednesday,1,0,3,Sunny
2021-01-22 04:55:39,MG Road,MG Road,11,133.27,173.25,Friday,1,0,1,Rainy
2022-08-14 02:59:11,Indiranagar,Whitefield,47,182.8,219.36,Sunday,0,1,8,Cloudy
2023-12-30 21:34:47,Whitefield,Indiranagar,30,276.35,431.11,Saturday,0,1,12,Rainy
2022-01-18 20:33:31,Koramangala,Indiranagar,42,170.25,221.33,Tuesday,1,0,1,Foggy
2022-12-13 06:10:59,MG Road,Indiranagar,17,175.07,227.59,Tuesday,1,0,12,Foggy
2023-05-05 16:03:17,Indiranagar,Indiranagar,46,265.76,345.49,Friday,1,0,5,Rainy
2022-12-15 00:28:12,MG Road,Whitefield,12,257.75,335.07,Thursday,1,0,12,Foggy
2023-04-06 03:08:49,Koramangala,Koramangala,1,215.61,280.29,Thursday,1,0,4,Foggy
2023-11-05 21:00:20,HSR Layout,Indiranagar,48,251.65,392.57,Sunday,0,1,11,Rainy
2021-08-07 02:24:50,MG Road,Indiranagar,22,145.12,226.39,Saturday,0,1,8,Foggy
2021-01-23 07:05:51,MG Road,Whitefield,19,190.26,296.81,Saturday,0,1,1,Rainy
2021-06-16 16:57:03,Whitefield,HSR Layout,37,259.84,337.79,Wednesday,1,0,6,Rainy
2021-05-19 02:03:28,Koramangala,Whitefield,44,106.68,138.68,Wednesday,1,0,5,Foggy
2023-01-03 09:18:41,Koramangala,MG Road,49,104.02,156.03,Tuesday,1,0,1,Cloudy
2022-09-09 23:35:07,HSR Layout,Indiranagar,13,152.23,197.9,Friday,1,0,9,Rainy
2021-08-27 10:52:37,Koramangala,MG Road,12,120.95,157.24,Friday,1,0,8,Rainy
2023-02-05 05:09:08,MG Road,Indiranagar,40,168.36,202.03,Sunday,0,1,2,Cloudy
2023-04-19 23:40:35,HSR Layout,HSR Layout,41,277.59,360.87,Wednesday,1,0,4,Foggy
2021-07-03 13:28:18,Koramangala,Koramangala,26,132.18,158.62,Saturday,0,1,7,Sunny
2022-10-27 07:53:24,HSR Layout,HSR Layout,28,115.0,172.5,Thursday,1,0,10,Cloudy
2023-03-30 05:32:09,Koramangala,Whitefield,33,288.37,288.37,Thursday,1,0,3,Sunny
2021-05-06 07:10:30,Koramangala,Whitefield,21,295.61,576.44,Thursday,1,0,5,Foggy
2023-06-16 07:34:17,Whitefield,MG Road,6,167.59,326.8,Friday,1,0,6,Rainy
2023-11-22 09:42:31,Koramangala,MG Road,26,297.06,579.27,Wednesday,1,0,11,Rainy
2021-04-29 06:14:26,HSR Layout,Whitefield,43,278.65,362.25,Thursday,1,0,4,Foggy
2021-01-29 02:12:45,MG Road,Whitefield,7,240.9,313.17,Friday,1,0,1,Foggy
2021-12-08 06:44:57,Whitefield,Whitefield,12,186.26,242.14,Wednesday,1,0,12,Foggy
2023-01-12 00:25:49,Koramangala,Indiranagar,9,230.73,299.95,Thursday,1,0,1,Foggy
2023-11-15 05:47:09,Koramangala,HSR Layout,31,221.46,287.9,Wednesday,1,0,11,Foggy
2022-03-10 22:33:32,HSR Layout,Indiranagar,21,186.84,242.89,Thursday,1,0,3,Foggy
2023-02-22 05:25:33,Whitefield,Koramangala,16,110.71,143.92,Wednesday,1,0,2,Foggy
2021-03-25 03:21:48,Koramangala,Indiranagar,1,166.22,216.09,Thursday,1,0,3,Rainy
2023-01-26 12:46:19,MG Road,Whitefield,17,294.88,294.88,Thursday,1,0,1,Sunny
2022-11-18 04:52:34,MG Road,Indiranagar,25,181.86,181.86,Friday,1,0,11,Sunny
2021-04-22 11:31:14,Koramangala,MG Road,16,210.82,274.07,Thursday,1,0,4,Rainy
2023-04-26 02:15:29,MG Road,Whitefield,29,285.11,285.11,Wednesday,1,0,4,Cloudy
2023-07-20 05:17:57,Whitefield,HSR Layout,49,208.03,208.03,Thursday,1,0,7,Sunny
2022-10-19 20:24:26,Koramangala,Indiranagar,18,232.12,232.12,Wednesday,1,0,10,Cloudy
2021-05-13 10:25:18,HSR Layout,Whitefield,22,159.48,207.32,Thursday,1,0,5,Rainy
2023-12-13 07:49:02,Whitefield,MG Road,20,119.18,178.77,Wednesday,1,0,12,Cloudy
2023-05-07 04:52:25,MG Road,MG Road,38,178.58,278.58,Sunday,0,1,5,Rainy
2022-01-15 20:10:55,Koramangala,Indiranagar,47,209.93,327.49,Saturday,0,1,1,Foggy
2022-04-14 15:29:35,Whitefield,Whitefield,37,198.19,257.65,Thursday,1,0,4,Foggy
2022-02-10 09:42:32,MG Road,HSR Layout,1,110.9,166.35,Thursday,1,0,2,Sunny
2022-07-08 12:30:23,Koramangala,Koramangala,17,100.76,100.76,Friday,1,0,7,Sunny
2022-01-09 07:21:56,Indiranagar,MG Road,42,117.53,141.04,Sunday,0,1,1,Cloudy
2023-07-19 10:27:27,HSR Layout,Koramangala,24,264.78,264.78,Wednesday,1,0,7,Cloudy
2023-06-19 15:07:14,MG Road,HSR Layout,45,225.02,225.02,Monday,1,0,6,Sunny
2021-04-26 11:01:42,MG Road,Indiranagar,16,196.07,254.89,Monday,1,0,4,Foggy
2023-11-18 02:26:18,Indiranagar,MG Road,4,119.4,186.26,Saturday,0,1,11,Rainy
2022-11-27 07:55:21,Indiranagar,Koramangala,43,141.39,220.57,Sunday,0,1,11,Foggy
2023-06-26 14:32:20,Whitefield,MG Road,8,227.64,227.64,Monday,1,0,6,Sunny
2023-02-13 19:05:44,HSR Layout,Koramangala,30,295.41,576.05,Monday,1,0,2,Rainy
2022-04-22 10:09:01,HSR Layout,Whitefield,20,194.71,194.71,Friday,1,0,4,Cloudy
2023-03-14 18:31:46,MG Road,Whitefield,11,123.1,184.65,Tuesday,1,0,3,Sunny
2023-11-23 05:28:41,Indiranagar,Indiranagar,26,256.98,334.07,Thursday,1,0,11,Foggy
2021-10-23 11:17:00,HSR Layout,HSR Layout,44,194.19,233.03,Saturday,0,1,10,Cloudy
2023-06-04 04:04:43,Koramangala,MG Road,33,278.98,334.78,Sunday,0,1,6,Cloudy
2022-08-12 18:16:04,HSR Layout,HSR Layout,46,153.0,229.5,Friday,1,0,8,Sunny
2022-06-13 22:42:37,MG Road,Koramangala,50,228.37,296.88,Monday,1,0,6,Foggy
2022-04-22 12:26:37,HSR Layout,Indiranagar,20,177.51,177.51,Friday,1,0,4,Sunny
2023-03-11 17:49:27,Whitefield,Whitefield,45,174.2,271.75,Saturday,0,1,3,Rainy
2021-10-21 14:59:35,Indiranagar,Whitefield,8,176.29,229.18,Thursday,1,0,10,Rainy
2023-07-21 18:34:50,MG Road,Indiranagar,41,137.32,205.98,Friday,1,0,7,Cloudy
2023-06-28 19:40:25,MG Road,MG Road,19,108.92,212.39,Wednesday,1,0,6,Foggy
2021-04-05 19:25:15,Indiranagar,HSR Layout,24,187.95,366.5,Monday,1,0,4,Rainy
2023-08-23 12:06:30,Indiranagar,Koramangala,40,152.68,198.48,Wednesday,1,0,8,Rainy
